StudentID,CGPA,Internships,Projects,Workshops_Certifications,AptitudeTestScore,SoftSkillsRating,ExtracurricularActivities,PlacementTraining,SSC_Marks,HSC_Marks,Backlogs,CommunicationScore,TechnicalScore,MockInterviews,GitHub_Repos,CompetitiveCoding,PlacementStatus,PackageLPA
STU0001,7.75,1,3,0,55.9,5.0,0,0,58.1,60.6,1,1.8,70.2,0,4,0,0,0.0
STU0002,7.05,0,3,1,64.6,4.3,0,0,61.4,62.8,2,4.1,50.5,1,8,2,0,0.0
STU0003,7.91,1,4,1,52.3,3.9,1,0,81.2,60.8,2,2.3,64.2,3,4,3,1,11.74
STU0004,8.88,0,0,2,94.8,3.3,0,1,95.7,84.2,1,3.0,76.0,4,0,0,1,14.53
STU0005,6.94,2,1,2,93.2,3.1,0,0,88.6,63.6,3,4.3,69.2,3,9,2,1,13.78
STU0006,6.94,3,4,0,54.7,3.4,0,0,55.9,76.0,1,4.4,75.8,2,2,0,0,0.0
STU0007,8.94,0,2,3,70.2,3.8,0,1,82.3,95.7,1,3.0,83.2,4,5,0,1,14.31
STU0008,8.04,3,2,2,57.8,1.8,1,1,64.0,69.0,3,3.0,53.3,1,4,1,0,0.0
STU0009,6.68,1,3,1,77.2,2.1,1,1,65.0,84.5,0,2.7,44.2,3,2,0,1,11.78
STU0010,7.8,0,3,0,75.6,2.9,1,1,66.5,91.7,1,2.3,64.3,2,2,1,0,0.0
STU0011,6.69,0,4,3,80.2,3.7,1,0,80.5,83.4,1,2.8,59.1,4,2,0,1,11.35
STU0012,6.69,1,5,4,73.0,3.3,1,0,83.5,69.8,2,1.9,79.1,3,6,2,1,12.29
STU0013,7.47,2,3,1,100.0,4.8,1,0,70.8,78.3,2,4.0,45.7,4,6,1,1,13.63
STU0014,5.1,2,1,1,52.6,2.2,0,1,71.0,53.3,2,3.8,83.4,1,3,1,0,0.0
STU0015,5.3,0,4,0,42.3,2.8,0,1,77.6,59.9,3,3.9,89.4,3,1,0,0,0.0
STU0016,6.58,0,0,2,62.1,4.9,1,0,78.8,62.1,0,2.5,65.0,3,6,0,0,0.0
STU0017,6.09,1,1,0,44.5,3.6,0,0,86.1,99.1,0,2.3,66.1,3,3,0,0,0.0
STU0018,7.55,0,4,1,45.6,4.3,0,1,56.6,59.4,0,3.5,51.2,2,3,2,0,0.0
STU0019,6.2,0,1,2,53.0,5.0,1,1,72.2,59.2,0,3.5,55.2,0,3,0,0,0.0
STU0020,5.65,0,1,2,54.2,2.9,1,1,59.2,56.4,0,3.3,57.6,1,3,1,0,0.0
STU0021,8.81,2,1,1,53.7,3.4,0,0,71.4,77.3,0,3.1,91.0,1,4,0,1,14.36
STU0022,6.95,3,4,1,75.8,3.3,0,0,69.3,71.9,0,5.0,63.7,4,4,1,1,14.64
STU0023,7.27,1,2,2,60.4,1.7,0,1,71.4,84.1,2,3.8,41.2,4,3,1,0,0.0
STU0024,5.63,3,3,0,65.3,3.2,1,1,62.4,78.7,0,5.0,69.6,0,6,1,1,11.52
STU0025,6.6,1,1,0,81.4,4.3,0,1,54.2,52.1,2,4.6,79.9,5,3,1,1,13.02
STU0026,7.32,1,3,3,56.5,4.0,1,1,46.9,59.5,2,5.0,64.5,1,4,1,1,12.08
STU0027,5.93,0,3,0,64.0,4.1,1,1,70.4,87.7,0,2.4,91.4,2,2,2,1,13.58
STU0028,7.61,1,2,2,73.5,3.2,1,1,66.8,67.4,0,4.0,79.0,1,5,2,1,13.11
STU0029,6.54,3,2,4,38.9,2.9,0,0,63.9,85.4,1,3.0,46.1,4,1,1,0,0.0
STU0030,6.88,1,1,1,32.2,4.6,0,1,87.9,68.1,1,1.8,55.1,3,2,2,0,0.0
STU0031,6.54,1,5,1,73.2,3.1,1,1,61.7,57.4,0,4.8,69.1,2,5,2,1,12.82
STU0032,9.24,1,3,2,75.4,3.8,1,0,89.0,66.1,0,3.1,35.0,3,2,1,1,13.05
STU0033,7.19,0,4,3,99.0,3.6,0,1,91.5,57.4,0,2.4,71.1,1,4,0,1,13.23
STU0034,6.04,2,2,4,70.4,4.8,1,1,48.6,62.6,0,3.0,33.3,2,9,1,1,12.2
STU0035,8.1,1,3,2,80.3,4.4,0,1,73.1,72.6,0,2.6,83.4,2,4,0,1,13.39
STU0036,5.86,1,3,0,65.1,2.3,0,1,67.2,76.7,0,2.7,81.3,1,2,1,0,0.0
STU0037,7.43,1,3,2,72.5,2.4,1,1,40.0,49.3,1,3.2,74.1,4,3,1,0,0.0
STU0038,5.04,1,5,1,93.0,4.0,0,1,54.7,69.8,3,5.0,52.8,3,6,1,0,0.0
STU0039,5.74,0,2,1,36.1,3.4,1,1,81.3,62.4,1,2.8,68.1,1,3,1,0,0.0
STU0040,7.42,1,1,0,74.2,3.1,1,1,96.2,61.6,3,5.0,55.8,1,5,1,1,11.74
STU0041,8.01,0,3,0,100.0,4.4,1,1,82.8,71.7,1,4.2,46.4,0,5,0,1,12.43
STU0042,7.39,2,3,3,72.2,3.7,1,0,75.9,62.8,1,3.8,58.9,1,4,0,1,14.59
STU0043,7.07,2,2,1,92.8,3.5,1,1,71.7,88.0,0,4.1,77.6,2,5,1,1,15.15
STU0044,6.87,2,1,1,58.6,4.2,0,1,92.2,85.4,0,3.4,65.8,1,3,1,1,13.11
STU0045,5.57,1,2,1,67.5,3.2,1,1,97.8,85.4,2,4.6,91.1,3,4,2,1,12.28
STU0046,6.41,1,2,3,68.5,4.9,1,0,65.0,63.6,2,3.9,78.8,2,4,0,0,0.0
STU0047,6.69,0,2,2,34.7,2.8,0,1,48.0,57.5,0,1.8,76.9,1,2,0,0,0.0
STU0048,8.36,2,3,1,50.5,4.1,0,1,46.8,71.1,0,3.7,36.0,5,2,1,1,12.72
STU0049,7.58,0,3,0,51.5,4.8,0,1,87.9,68.0,1,4.1,59.9,1,4,1,1,11.05
STU0050,5.26,1,1,1,80.3,2.3,1,1,71.4,62.1,0,3.1,45.8,2,4,0,0,0.0
STU0051,7.56,0,2,4,81.1,3.2,1,1,74.2,54.7,0,3.5,61.7,2,3,1,1,13.21
STU0052,6.78,0,1,2,72.9,4.5,1,0,50.5,69.5,2,2.8,52.5,1,5,0,0,0.0
STU0053,6.46,1,1,2,80.4,4.5,1,1,63.0,64.7,0,2.1,58.2,1,3,0,1,11.99
STU0054,7.87,0,3,2,65.5,3.3,1,0,68.5,78.9,1,1.9,84.1,1,6,0,0,0.0
STU0055,8.33,2,4,1,86.0,2.8,1,1,74.5,78.6,2,1.9,73.6,4,5,1,1,13.06
STU0056,8.22,1,2,3,68.1,4.4,1,1,67.2,84.3,0,4.0,83.1,3,3,2,1,14.26
STU0057,6.28,0,3,2,68.9,4.6,1,1,59.6,53.6,0,1.0,36.2,3,3,0,0,0.0
STU0058,6.86,1,4,0,64.0,2.5,1,1,62.6,75.2,0,2.8,66.0,2,4,0,1,13.64
STU0059,7.56,0,4,0,78.3,2.4,1,1,86.5,60.5,0,2.7,82.4,2,6,2,1,12.91
STU0060,8.27,0,1,2,61.7,3.7,1,0,74.9,54.1,1,3.1,92.1,1,2,2,0,0.0
STU0061,6.67,2,5,4,82.6,4.1,1,0,79.3,64.4,0,1.6,37.1,0,4,0,1,10.97
STU0062,7.0,0,2,1,51.0,3.2,1,1,61.2,83.9,0,3.8,58.7,1,1,0,0,0.0
STU0063,5.98,2,2,3,51.5,4.1,1,1,40.0,65.2,0,2.2,83.6,2,2,0,0,0.0
STU0064,5.88,0,0,3,78.3,2.9,1,1,65.7,90.4,0,4.5,61.5,0,4,0,0,0.0
STU0065,8.09,0,2,1,66.7,1.6,1,0,61.6,77.1,0,2.8,48.6,0,1,1,0,0.0
STU0066,8.69,2,1,0,61.2,3.1,1,0,76.2,64.9,1,3.3,37.1,1,4,3,0,0.0
STU0067,7.12,1,1,0,81.4,3.6,1,0,100.0,85.1,0,3.4,47.9,2,7,1,1,12.93
STU0068,8.3,0,2,2,58.9,3.3,0,0,80.3,75.8,0,3.6,34.6,2,8,3,1,11.49
STU0069,7.6,1,4,0,65.0,2.5,0,1,100.0,57.9,0,3.4,66.1,0,2,1,0,0.0
STU0070,6.49,0,4,1,89.0,1.9,1,0,78.8,94.2,2,3.0,81.1,1,5,2,0,0.0
STU0071,7.6,2,2,2,91.1,3.0,1,1,64.4,73.4,0,3.7,42.3,1,7,0,1,14.71
STU0072,8.89,1,4,2,91.6,4.3,1,0,76.2,70.2,1,3.8,69.6,0,1,0,1,16.67
STU0073,7.16,2,4,0,63.8,4.6,0,1,93.4,58.9,0,2.7,80.2,1,3,2,1,13.34
STU0074,8.92,2,3,1,86.5,4.6,0,1,94.0,85.3,1,3.8,65.0,0,7,0,1,15.12
STU0075,4.32,1,1,1,53.8,2.8,0,0,65.1,76.7,0,4.5,36.0,3,2,0,0,0.0
STU0076,8.1,3,3,2,54.4,2.5,0,1,75.0,78.2,3,4.1,72.0,2,7,1,1,14.72
STU0077,7.3,1,4,3,32.7,3.9,1,0,54.8,63.4,1,4.3,64.0,1,4,0,1,11.77
STU0078,6.87,3,3,0,93.1,4.1,0,0,81.9,80.8,2,3.6,62.2,0,1,1,1,13.36
STU0079,7.3,0,2,3,55.0,3.9,1,1,90.6,81.9,0,2.5,55.2,1,3,0,0,0.0
STU0080,5.01,1,2,2,66.1,1.7,1,1,72.5,61.3,1,2.6,66.6,1,3,2,0,0.0
STU0081,6.96,1,3,2,54.3,2.7,1,1,64.0,51.6,1,3.7,74.2,5,2,0,1,14.23
STU0082,7.59,1,2,2,78.4,3.5,1,1,76.3,77.6,0,4.3,100.0,4,4,1,1,14.7
STU0083,8.83,1,1,1,62.4,3.9,1,1,77.0,49.5,0,5.0,67.0,0,3,0,1,12.83
STU0084,6.63,2,2,0,48.4,4.2,0,0,73.0,72.0,1,4.3,92.2,3,3,2,0,0.0
STU0085,6.31,0,4,2,74.6,3.6,1,1,74.1,64.2,0,2.3,71.4,1,1,1,0,0.0
STU0086,6.65,0,4,2,46.5,3.8,1,0,69.9,85.8,1,2.7,63.2,0,5,0,0,0.0
STU0087,8.21,2,1,2,55.4,3.6,0,1,84.0,64.9,0,5.0,67.7,3,3,0,1,13.81
STU0088,7.56,1,5,1,36.4,4.1,0,1,80.8,84.4,0,3.2,43.0,0,6,0,0,0.0
STU0089,6.62,3,2,4,46.6,3.8,0,0,60.2,63.3,1,3.4,70.5,2,6,1,0,0.0
STU0090,7.76,2,3,2,70.7,3.6,0,1,59.9,83.0,0,2.5,29.1,3,3,1,1,12.45
STU0091,7.31,3,3,0,38.5,3.3,1,1,68.9,96.8,3,4.9,49.5,2,0,0,0,0.0
STU0092,8.27,2,4,1,45.8,3.6,1,1,80.8,56.1,2,3.9,67.0,5,7,1,1,12.06
STU0093,6.43,0,4,3,68.0,3.9,0,0,73.8,73.8,1,2.7,86.5,3,5,2,1,12.5
STU0094,6.84,0,2,3,59.8,3.7,1,1,64.3,100.0,2,2.5,90.8,3,1,0,0,0.0
STU0095,6.77,2,4,1,97.9,3.8,1,1,75.1,70.9,2,3.7,60.7,2,5,1,1,14.24
STU0096,5.59,1,1,3,95.5,4.7,0,0,68.0,70.8,0,3.4,67.8,0,0,1,0,0.0
STU0097,7.53,0,3,1,55.0,3.7,1,1,82.6,80.3,2,4.2,82.7,3,0,1,0,0.0
STU0098,7.49,1,3,1,76.4,2.9,1,0,76.0,70.5,0,3.9,41.1,5,4,0,1,11.66
STU0099,7.21,3,3,3,79.2,4.3,1,0,68.2,47.8,0,3.1,72.3,2,1,0,1,14.67
STU0100,6.94,1,1,3,59.0,2.3,1,1,74.8,84.7,0,2.9,50.1,5,8,0,1,12.13
STU0101,5.64,1,4,2,45.6,2.5,1,1,87.8,44.0,1,3.2,61.9,0,6,1,0,0.0
STU0102,6.74,1,1,3,67.8,3.8,0,1,65.2,64.6,0,2.9,56.7,1,4,1,0,0.0
STU0103,6.82,0,0,0,65.4,4.0,1,1,76.8,85.7,0,3.3,72.8,1,1,0,0,0.0
STU0104,6.32,1,3,3,61.5,2.4,1,0,71.2,65.4,1,3.4,74.9,2,3,0,0,0.0
STU0105,7.02,1,2,1,74.6,3.2,0,0,77.1,61.0,0,2.5,81.0,3,3,0,0,0.0
STU0106,7.64,0,4,0,56.7,3.0,1,1,64.1,81.4,1,4.0,71.3,1,3,2,1,12.35
STU0107,9.27,2,2,1,50.7,3.1,1,0,73.3,58.9,1,3.0,68.1,4,2,0,1,13.42
STU0108,7.39,1,1,1,69.6,4.3,0,1,85.3,54.1,0,2.6,98.4,2,4,1,1,13.29
STU0109,7.48,2,4,1,73.8,4.1,1,1,60.8,73.6,0,3.1,37.6,2,3,2,1,11.53
STU0110,7.12,2,2,1,50.4,3.5,0,0,56.0,67.6,1,3.6,95.5,3,8,2,1,14.03
STU0111,5.09,0,1,0,81.9,3.0,1,0,56.5,53.8,0,3.5,59.8,0,7,1,0,0.0
STU0112,7.17,1,3,1,41.4,2.3,0,1,58.0,78.3,0,3.8,75.3,3,4,0,1,11.48
STU0113,7.27,1,2,2,59.3,4.8,1,1,79.1,76.0,0,4.3,59.1,1,4,2,1,11.29
STU0114,9.91,2,3,1,64.1,4.0,0,1,55.1,65.3,0,4.6,52.4,1,1,2,1,14.23
STU0115,6.99,0,2,1,58.5,2.9,0,1,68.4,66.2,0,3.7,73.7,2,2,2,0,0.0
STU0116,7.53,1,4,2,59.5,4.1,0,1,79.4,76.1,0,2.4,83.8,4,7,0,1,12.73
STU0117,7.16,1,4,3,96.1,3.4,1,0,77.0,85.5,1,3.1,73.5,2,4,0,1,12.83
STU0118,5.91,0,3,3,55.2,3.2,1,0,67.4,66.3,0,2.4,55.2,3,2,1,0,0.0
STU0119,8.46,0,1,1,100.0,3.9,1,1,74.3,78.5,2,5.0,100.0,3,4,3,1,15.27
STU0120,8.03,1,4,2,74.6,2.8,1,0,73.3,77.3,0,5.0,86.6,1,7,2,1,14.78
STU0121,8.07,2,3,0,69.4,3.2,1,0,69.3,81.4,0,4.0,81.8,4,3,2,1,13.95
STU0122,6.2,1,3,0,75.1,3.6,0,1,69.5,70.5,1,4.2,58.6,2,2,1,0,0.0
STU0123,8.74,1,2,1,100.0,3.1,1,1,98.8,58.1,1,3.6,53.7,1,8,0,1,13.11
STU0124,5.66,1,4,3,53.1,4.1,0,0,81.7,64.0,1,3.7,60.0,2,3,1,0,0.0
STU0125,7.85,2,3,1,51.2,5.0,1,1,100.0,74.5,1,1.9,84.5,1,3,2,1,14.01
STU0126,9.61,0,1,0,56.7,2.8,1,1,66.0,93.6,1,3.3,47.2,1,2,1,0,0.0
STU0127,6.11,2,2,0,68.5,2.0,1,0,71.0,63.7,0,2.6,45.8,1,6,3,0,0.0
STU0128,6.58,0,4,3,42.1,1.7,0,1,56.0,80.5,1,3.7,74.7,1,6,0,0,0.0
STU0129,7.31,1,0,2,68.3,3.4,1,0,62.3,65.7,1,3.3,70.7,3,3,0,0,0.0
STU0130,6.65,0,5,1,93.4,2.9,0,1,94.8,71.4,3,5.0,51.1,2,0,3,0,0.0
STU0131,5.49,0,3,2,70.3,3.7,0,0,65.7,89.7,1,4.3,45.4,3,3,0,0,0.0
STU0132,7.28,1,3,2,63.6,3.6,0,1,95.0,79.9,1,3.7,90.9,1,2,1,1,11.94
STU0133,6.03,0,1,2,58.7,2.1,1,0,57.1,53.9,0,3.1,71.4,3,1,2,0,0.0
STU0134,7.72,2,1,1,81.5,1.9,1,1,59.4,62.6,2,5.0,40.5,0,3,0,0,0.0
STU0135,6.19,0,4,3,55.6,3.8,0,1,67.9,86.3,3,3.4,41.7,2,1,2,0,0.0
STU0136,8.9,1,1,1,95.7,3.6,0,1,71.2,71.8,1,3.7,58.5,1,8,0,1,15.2
STU0137,6.34,1,3,2,97.0,3.1,1,1,83.1,55.1,1,3.4,78.2,2,0,2,1,14.14
STU0138,6.85,0,2,0,71.9,2.0,1,0,77.4,59.4,0,3.0,75.7,1,3,0,0,0.0
STU0139,8.09,0,1,1,67.8,3.9,0,1,67.0,79.1,1,3.4,85.4,3,2,1,1,13.11
STU0140,5.85,1,0,1,83.5,4.6,0,0,70.4,82.9,1,1.5,38.2,4,4,1,0,0.0
STU0141,7.45,1,2,2,84.4,3.8,1,1,68.2,70.2,1,1.9,69.0,3,1,1,1,12.95
STU0142,8.64,1,5,0,55.9,2.7,1,0,61.0,100.0,0,3.7,90.7,1,4,1,1,13.43
STU0143,5.43,1,2,3,60.1,3.5,1,1,61.3,80.7,1,4.9,89.0,1,5,3,0,0.0
STU0144,7.4,1,2,1,48.2,2.3,1,1,84.3,66.8,0,3.7,71.5,4,8,2,1,12.03
STU0145,7.49,0,2,2,74.1,4.5,0,1,50.1,59.4,1,2.7,100.0,2,4,3,1,12.43
STU0146,8.06,1,2,3,78.0,3.6,0,0,91.4,57.3,0,2.0,76.0,5,1,1,1,13.56
STU0147,5.84,3,2,2,47.8,1.9,0,1,67.9,74.4,1,4.1,83.8,2,1,1,0,0.0
STU0148,5.75,1,4,2,61.2,3.2,0,1,62.7,63.6,0,2.9,65.8,5,5,0,1,10.5
STU0149,7.77,1,2,2,47.8,3.9,1,1,80.9,91.8,0,4.0,50.9,5,2,3,1,10.54
STU0150,7.53,1,2,1,54.5,3.2,1,1,89.8,89.1,1,3.8,49.2,3,3,0,0,0.0
STU0151,7.48,2,1,3,76.3,3.3,1,1,85.4,78.2,0,3.9,68.3,0,9,0,1,15.72
STU0152,7.58,2,5,1,57.0,2.4,0,1,78.0,54.7,1,3.4,61.2,2,5,0,1,13.04
STU0153,6.45,1,1,2,63.5,4.0,1,0,85.0,61.3,3,3.8,33.2,4,6,0,0,0.0
STU0154,7.46,3,0,2,43.6,2.9,1,1,51.4,86.3,3,3.3,46.5,4,6,3,1,12.17
STU0155,7.52,0,3,1,70.8,1.6,0,0,65.7,62.7,0,2.8,59.3,1,4,0,0,0.0
STU0156,6.41,0,2,1,67.3,3.2,1,1,61.1,84.6,2,2.5,78.1,2,5,3,0,0.0
STU0157,9.25,2,2,1,57.1,4.4,0,1,86.7,76.2,0,1.1,64.7,4,3,1,1,13.36
STU0158,7.72,2,2,3,65.2,3.2,0,1,67.4,70.7,2,3.2,63.7,2,10,2,1,13.02
STU0159,5.89,0,3,4,70.7,5.0,1,1,82.1,60.9,1,4.8,47.2,4,2,1,1,10.2
STU0160,7.92,0,1,2,55.8,3.9,1,1,78.4,68.8,0,4.1,65.4,4,4,0,1,11.63
STU0161,6.13,0,4,2,45.9,3.8,0,1,61.7,72.5,0,3.6,88.7,4,2,1,1,11.46
STU0162,8.07,0,3,4,95.1,3.4,0,1,65.0,83.4,0,2.7,67.8,0,1,1,1,12.88
STU0163,8.47,2,2,0,58.5,3.4,1,1,87.5,58.5,1,4.3,37.9,0,4,0,0,0.0
STU0164,6.3,1,2,1,66.5,3.3,1,0,62.7,66.6,0,3.3,42.5,0,3,0,0,0.0
STU0165,8.26,1,1,2,83.2,3.2,1,0,73.5,70.6,1,4.9,75.6,5,4,0,1,13.04
STU0166,7.65,1,3,3,100.0,4.0,0,0,62.6,78.6,1,2.5,61.0,2,4,0,0,0.0
STU0167,8.1,0,2,3,49.3,2.7,0,1,68.2,58.2,3,2.7,63.7,0,4,1,0,0.0
STU0168,9.29,0,2,1,74.7,2.5,0,1,71.4,52.9,3,2.6,54.0,1,1,0,0,0.0
STU0169,6.93,1,2,0,57.4,2.5,0,0,62.6,78.8,0,2.0,74.1,2,3,2,0,0.0
STU0170,6.37,3,5,1,59.9,5.0,0,1,60.5,50.3,1,2.5,59.6,4,5,3,1,12.42
STU0171,6.22,2,2,1,57.2,4.0,0,1,75.4,86.7,2,3.5,61.6,3,3,0,0,0.0
STU0172,6.3,0,4,1,51.1,3.8,1,1,61.9,68.0,2,2.7,49.7,3,3,1,0,0.0
STU0173,7.12,2,2,3,67.4,2.5,0,1,62.3,49.9,0,1.0,81.6,0,3,0,0,0.0
STU0174,7.58,2,0,0,45.9,4.1,1,0,60.7,63.8,0,4.4,61.0,4,6,0,0,0.0
STU0175,7.5,2,1,3,82.2,3.4,0,0,71.1,74.9,0,1.8,75.9,1,4,2,1,13.75
STU0176,8.11,1,2,1,68.8,3.7,1,0,83.3,63.1,0,4.0,43.5,3,1,0,0,0.0
STU0177,7.21,1,1,2,74.3,2.6,0,0,90.1,70.3,0,3.4,96.2,0,6,0,1,13.07
STU0178,8.8,1,0,0,61.0,3.6,1,0,63.3,79.6,0,5.0,88.0,0,6,0,0,0.0
STU0179,6.91,0,4,1,62.5,3.1,0,1,97.8,67.4,1,4.3,30.6,0,5,2,0,0.0
STU0180,10.0,0,4,0,72.3,2.8,1,0,59.9,57.8,0,2.9,50.6,2,3,1,1,12.55
STU0181,7.89,0,3,4,50.5,4.2,1,0,85.0,66.1,1,2.7,73.6,3,5,3,1,11.29
STU0182,6.26,1,1,3,62.6,2.1,1,0,63.3,88.4,0,4.8,41.2,0,3,3,0,0.0
STU0183,6.02,2,1,1,55.1,4.0,0,1,61.5,91.9,2,2.0,62.6,1,5,0,0,0.0
STU0184,7.73,1,0,1,54.6,4.1,1,1,63.1,43.7,3,3.6,72.7,4,6,0,0,0.0
STU0185,6.95,0,3,4,36.4,2.7,1,1,71.4,84.2,1,3.3,61.7,0,6,0,0,0.0
STU0186,7.99,3,4,1,88.1,2.8,0,0,79.0,73.3,2,3.1,74.7,1,3,1,1,15.84
STU0187,7.72,3,2,0,57.7,3.3,1,1,80.0,82.0,0,3.7,52.5,2,6,1,1,13.08
STU0188,7.12,2,1,2,85.5,3.8,1,0,60.7,62.8,1,3.6,24.6,4,1,0,0,0.0
STU0189,6.27,3,2,4,84.0,3.4,1,0,60.1,47.0,0,3.8,82.7,1,1,0,1,14.06
STU0190,5.53,1,2,0,48.7,3.9,1,1,61.0,77.6,0,3.5,82.6,5,4,0,1,12.06
STU0191,6.71,3,2,1,51.7,5.0,1,1,70.7,57.8,0,3.8,100.0,2,4,2,1,11.96
STU0192,8.14,0,3,4,100.0,3.0,1,1,69.5,52.0,0,3.5,25.3,2,2,3,1,12.53
STU0193,7.44,1,3,0,94.3,2.0,1,1,60.6,52.9,0,2.8,78.5,0,3,0,1,12.42
STU0194,5.83,0,1,0,67.5,4.2,1,1,75.2,77.8,1,3.4,29.6,3,1,0,0,0.0
STU0195,7.39,0,0,2,71.9,5.0,1,0,99.2,71.8,0,2.7,96.6,1,4,0,1,13.02
STU0196,7.62,0,5,3,58.5,3.9,1,1,65.9,80.2,2,2.7,73.8,3,6,2,1,13.21
STU0197,6.23,1,1,1,74.5,2.5,1,0,66.8,78.7,1,3.1,47.9,1,5,3,1,12.22
STU0198,7.37,2,0,4,57.2,3.4,0,1,78.7,64.5,0,3.3,79.0,2,3,0,1,12.66
STU0199,7.26,1,1,2,37.5,2.5,0,0,65.3,69.1,0,3.4,55.0,4,10,0,0,0.0
STU0200,5.94,0,0,0,48.2,4.1,0,1,80.0,63.4,2,4.3,70.4,3,4,0,0,0.0
STU0201,7.59,2,2,4,68.3,2.3,0,1,63.4,67.3,0,2.9,68.7,1,5,1,1,12.89
STU0202,7.82,1,4,1,51.0,3.2,0,1,94.0,57.4,0,3.6,96.4,3,4,1,1,13.1
STU0203,8.39,1,2,1,67.0,2.6,1,0,76.1,75.1,1,3.5,97.7,3,9,1,1,15.2
STU0204,8.36,1,2,2,51.9,3.6,0,0,64.6,84.0,0,2.8,54.2,0,6,3,1,11.55
STU0205,5.68,0,3,1,56.3,3.2,1,0,64.9,59.4,0,3.5,84.0,2,4,0,0,0.0
STU0206,6.17,1,2,0,80.8,3.7,1,1,65.8,86.7,0,4.4,71.4,1,3,2,1,12.33
STU0207,7.77,3,4,0,71.7,3.5,0,1,88.5,71.5,0,3.6,39.6,2,4,0,1,15.74
STU0208,7.77,0,4,1,67.9,2.6,0,1,56.8,73.1,0,3.6,52.5,3,4,0,0,0.0
STU0209,7.77,1,0,3,81.2,4.1,1,0,64.0,47.9,0,2.7,100.0,1,4,2,1,15.32
STU0210,10.0,2,3,2,75.2,3.5,1,1,65.3,46.5,0,5.0,71.4,0,3,3,1,15.76
STU0211,7.83,2,2,4,89.7,2.6,1,0,71.8,71.9,0,2.8,83.0,1,3,2,1,15.44
STU0212,8.45,0,5,1,61.1,5.0,1,0,68.7,80.3,3,1.8,61.2,5,4,2,1,12.73
STU0213,8.25,0,2,1,61.6,3.9,1,1,54.1,61.3,0,4.2,55.3,3,6,2,1,12.37
STU0214,7.92,0,5,0,48.5,3.4,1,1,67.2,91.7,1,3.3,65.5,0,5,0,0,0.0
STU0215,6.85,1,3,0,61.6,4.8,1,0,70.8,79.6,0,3.1,60.2,2,1,2,1,12.17
STU0216,8.03,1,1,1,82.5,5.0,1,0,64.5,58.2,0,2.9,38.1,1,2,2,1,12.67
STU0217,6.35,0,2,3,87.5,3.4,1,1,80.2,70.4,2,5.0,46.9,3,0,1,0,0.0
STU0218,6.94,3,5,4,82.4,3.8,0,0,83.0,100.0,1,3.7,77.7,2,0,1,1,14.23
STU0219,6.67,1,4,4,41.1,2.6,1,1,71.1,53.8,0,3.9,58.1,5,2,2,1,11.5
STU0220,7.29,0,0,1,84.2,3.4,1,1,74.8,76.9,0,3.6,65.5,1,5,2,1,13.46
STU0221,9.75,1,3,3,40.4,3.3,1,1,46.1,65.8,0,3.7,69.2,2,7,0,1,10.71
STU0222,5.15,1,2,1,81.5,3.7,0,0,66.9,79.2,2,4.7,70.6,3,3,2,0,0.0
STU0223,7.95,0,0,0,62.5,3.8,0,0,84.1,86.5,0,3.2,85.6,4,4,2,1,11.35
STU0224,5.43,0,2,3,78.5,4.0,0,1,66.9,65.0,0,2.0,45.2,2,5,0,0,0.0
STU0225,6.68,2,1,2,48.0,3.7,0,1,63.2,84.5,1,4.2,75.3,3,8,2,1,11.95
STU0226,8.4,1,4,0,85.6,2.4,0,0,99.3,98.9,3,3.9,78.6,1,7,0,1,15.41
STU0227,7.27,1,2,1,46.0,2.7,1,0,93.8,70.9,2,3.5,82.7,2,1,0,0,0.0
STU0228,6.01,1,4,1,58.0,3.0,0,0,77.6,80.2,0,3.8,39.6,4,2,1,0,0.0
STU0229,6.41,0,0,2,53.0,3.2,0,1,85.7,62.3,1,3.0,69.6,5,0,3,0,0.0
STU0230,7.95,0,2,1,41.7,4.4,0,1,45.3,70.3,1,3.4,95.9,3,4,0,0,0.0
STU0231,6.4,1,1,4,69.4,2.5,1,1,62.5,67.7,1,3.3,63.2,2,5,2,0,0.0
STU0232,7.44,0,1,0,95.1,3.2,0,1,66.4,80.4,2,2.8,73.7,4,3,1,0,0.0
STU0233,7.25,0,0,1,100.0,4.4,0,1,69.2,85.7,2,4.5,79.0,0,6,2,1,15.01
STU0234,6.48,2,1,1,69.5,3.2,1,1,66.1,68.6,0,2.1,46.5,0,3,2,0,0.0
STU0235,9.56,3,2,2,84.8,3.9,1,0,41.4,89.9,0,5.0,98.0,3,10,2,1,17.02
STU0236,7.9,2,1,1,71.5,3.4,0,0,76.6,89.9,1,4.2,74.0,1,0,2,0,0.0
STU0237,4.97,2,2,2,75.5,3.7,0,0,78.5,81.0,0,1.7,74.4,5,1,2,1,11.65
STU0238,7.41,0,2,3,62.9,3.3,0,1,91.2,63.3,0,3.2,35.1,2,3,0,0,0.0
STU0239,6.47,3,4,4,70.9,4.1,1,1,62.5,62.0,0,3.2,79.3,2,0,0,1,13.71
STU0240,8.14,0,4,3,76.1,2.1,0,1,61.6,59.4,2,3.8,74.1,3,5,0,1,14.36
STU0241,6.33,3,2,3,59.3,3.2,1,0,40.0,82.3,0,2.5,94.2,3,1,2,1,12.74
STU0242,7.07,3,2,2,66.8,3.8,0,0,68.5,54.2,1,3.4,59.4,2,5,0,1,14.6
STU0243,7.76,2,1,3,67.1,4.0,1,0,82.8,78.8,0,3.3,47.2,1,1,0,1,11.6
STU0244,8.15,3,5,1,80.4,4.8,0,1,64.7,55.9,0,2.7,52.7,3,2,2,1,14.09
STU0245,5.88,1,0,1,52.0,3.1,0,0,97.7,80.7,0,2.6,55.9,1,6,2,0,0.0
STU0246,6.83,0,1,1,67.2,4.8,1,0,68.9,70.2,0,4.3,44.9,1,8,2,1,10.43
STU0247,6.68,1,1,1,96.7,2.9,0,1,73.8,87.3,2,1.8,88.2,3,3,0,1,13.53
STU0248,6.48,1,2,1,85.5,4.7,0,0,55.6,84.8,2,3.9,88.9,0,8,0,1,14.11
STU0249,9.14,0,1,4,88.2,4.2,1,1,75.4,88.7,1,4.2,61.5,5,4,0,1,15.01
STU0250,7.65,1,3,1,68.4,2.7,1,0,48.2,89.0,0,3.2,57.9,3,3,0,0,0.0
STU0251,5.81,3,1,0,72.8,3.8,0,1,80.3,71.9,0,3.4,32.3,5,5,0,1,12.01
STU0252,8.21,0,3,2,83.0,3.5,1,1,80.7,54.9,0,4.5,77.5,1,2,0,1,13.48
STU0253,9.53,2,1,0,91.4,4.1,1,1,88.3,56.3,0,2.7,94.8,5,2,0,1,16.3
STU0254,8.34,3,0,0,38.7,3.3,1,1,59.8,42.9,0,2.8,53.5,0,4,1,0,0.0
STU0255,5.53,3,4,1,48.3,3.2,1,1,73.9,55.9,1,2.9,62.9,0,3,0,0,0.0
STU0256,6.67,3,1,1,87.6,4.7,1,1,78.8,70.9,0,4.5,72.8,0,1,0,1,15.42
STU0257,8.59,1,4,1,63.8,3.4,0,1,77.3,62.7,0,4.6,96.0,2,1,2,1,15.01
STU0258,6.42,3,2,3,57.9,4.2,1,1,61.6,67.7,3,2.1,68.6,0,5,2,1,12.64
STU0259,7.69,2,0,2,49.2,3.3,0,0,43.3,76.4,0,4.4,68.5,2,4,2,1,12.25
STU0260,8.05,0,5,1,59.7,5.0,0,1,76.2,66.0,3,4.2,68.2,1,3,1,0,0.0
STU0261,6.18,1,1,1,47.0,2.9,1,0,70.2,55.4,3,4.9,39.3,1,6,3,0,0.0
STU0262,7.13,2,4,1,99.4,2.9,0,1,65.2,69.3,0,3.8,39.0,3,3,3,1,13.71
STU0263,4.0,0,1,3,67.7,4.9,1,1,81.2,58.3,0,3.4,50.5,1,5,1,0,0.0
STU0264,6.07,1,4,0,67.1,3.1,1,1,71.5,66.5,1,4.5,83.2,3,7,1,1,12.43
STU0265,6.92,1,0,0,76.8,4.9,1,0,56.2,87.5,0,4.1,59.0,2,6,0,1,12.42
STU0266,5.83,0,2,3,82.4,4.3,0,1,48.8,66.5,0,5.0,55.5,4,4,2,1,11.57
STU0267,9.0,1,3,1,82.2,3.4,0,0,58.5,93.0,1,4.3,55.2,2,4,1,1,13.16
STU0268,5.63,2,4,0,84.1,1.9,1,1,100.0,88.6,0,3.5,62.5,5,3,3,1,12.22
STU0269,6.72,1,4,1,58.5,3.5,1,0,80.7,62.5,0,2.3,95.6,2,4,1,1,12.61
STU0270,7.34,0,4,4,63.5,3.6,0,1,74.3,55.6,1,2.8,62.3,5,2,3,1,12.37
STU0271,8.79,0,4,3,79.5,4.6,0,0,69.8,69.3,1,2.0,50.8,0,3,2,0,0.0
STU0272,5.62,1,1,2,60.1,4.9,1,0,69.0,85.0,0,3.2,65.5,3,2,3,1,11.06
STU0273,8.48,3,1,1,67.9,2.9,0,1,86.0,63.6,0,4.3,96.6,4,0,0,1,14.37
STU0274,7.21,0,1,2,74.0,4.2,1,1,66.1,81.8,0,3.4,55.9,0,4,0,1,11.99
STU0275,6.12,1,2,4,79.8,4.2,1,0,78.9,85.7,0,4.4,43.7,2,6,2,1,13.28
STU0276,7.71,0,2,4,41.3,4.5,1,1,67.8,59.9,1,3.7,56.0,4,0,2,0,0.0
STU0277,7.42,1,2,1,78.7,3.9,0,0,95.3,61.2,1,3.0,67.3,2,2,0,1,13.83
STU0278,6.54,2,1,3,64.5,1.8,0,1,80.9,79.3,1,3.5,77.4,0,3,2,0,0.0
STU0279,7.28,2,3,0,78.6,3.4,0,1,86.9,72.0,0,3.8,83.1,3,4,1,1,13.72
STU0280,6.78,0,1,1,79.7,2.5,1,0,65.0,61.1,0,3.5,46.2,0,2,0,0,0.0
STU0281,7.32,1,2,2,92.1,3.3,1,1,84.7,65.4,0,3.5,47.9,4,1,1,1,13.47
STU0282,7.93,0,2,1,88.3,4.4,1,0,68.2,69.1,0,2.7,59.2,0,4,3,1,13.35
STU0283,8.94,1,3,4,88.2,3.8,1,1,73.3,49.7,0,3.0,77.3,0,5,1,1,15.27
STU0284,5.84,1,3,0,89.7,4.5,0,1,91.6,80.0,0,5.0,42.3,1,0,2,1,13.52
STU0285,9.55,0,3,2,72.4,3.8,1,1,59.5,63.8,0,4.6,54.1,3,3,0,1,13.38
STU0286,5.05,0,1,4,68.5,2.3,1,0,74.4,40.0,1,2.0,54.3,5,4,2,0,0.0
STU0287,7.03,1,2,4,81.1,1.2,1,0,77.3,69.7,1,1.2,82.0,0,1,3,0,0.0
STU0288,7.85,3,0,0,79.0,3.6,0,0,78.2,60.4,0,3.5,74.5,0,2,1,1,14.8
STU0289,7.51,3,2,1,63.4,3.3,1,1,66.6,92.0,0,4.2,81.3,2,4,0,1,14.99
STU0290,6.52,0,2,2,74.1,2.6,1,1,97.0,62.4,2,2.9,89.1,4,8,1,0,0.0
STU0291,6.97,2,0,0,67.5,2.0,1,1,56.5,55.7,3,4.4,59.5,2,2,3,0,0.0
STU0292,6.66,1,1,4,55.2,2.8,0,1,89.5,76.6,0,3.5,43.6,1,3,0,0,0.0
STU0293,6.55,1,5,4,87.4,3.3,1,0,86.6,61.4,1,3.2,43.7,2,3,1,1,12.67
STU0294,8.13,2,5,0,68.8,4.1,0,0,94.8,59.9,2,4.1,31.9,1,6,0,0,0.0
STU0295,7.59,3,2,0,98.7,3.7,1,0,52.9,76.6,0,2.9,56.7,2,1,1,1,14.52
STU0296,6.44,3,0,0,43.6,4.9,1,0,61.6,56.5,0,3.1,58.1,1,4,1,0,0.0
STU0297,8.19,1,1,4,59.6,2.6,1,0,89.9,51.1,0,4.0,79.2,4,6,3,1,12.74
STU0298,7.54,1,2,0,68.5,4.3,1,1,49.5,92.4,0,3.4,65.3,5,9,1,1,11.7
STU0299,8.09,2,4,1,85.1,3.5,1,0,52.7,77.5,0,5.0,56.2,3,4,1,1,14.29
STU0300,7.89,0,1,1,74.0,4.1,0,0,66.1,66.6,3,4.1,62.9,2,3,2,0,0.0
STU0301,6.29,1,3,2,72.7,3.1,0,1,74.3,70.0,1,4.0,46.3,2,3,0,0,0.0
STU0302,6.58,1,1,0,51.1,4.5,1,0,91.1,76.6,0,3.4,83.5,0,3,1,1,13.29
STU0303,8.02,1,5,1,50.6,3.8,1,1,69.8,82.7,0,4.2,50.9,3,4,2,1,12.2
STU0304,7.87,0,2,4,72.8,2.9,0,0,64.7,60.2,1,3.1,44.5,2,5,0,0,0.0
STU0305,7.18,0,3,4,47.5,3.5,0,1,75.7,74.8,0,3.7,79.7,4,5,0,1,11.26
STU0306,7.33,3,2,3,60.0,3.3,1,1,77.6,63.4,0,2.5,75.3,1,3,1,1,13.88
STU0307,8.61,0,3,0,75.5,3.9,1,0,77.3,67.5,2,4.4,34.0,3,5,0,0,0.0
STU0308,6.55,1,1,1,53.3,2.4,1,1,69.9,72.1,0,3.7,80.4,3,7,0,1,12.3
STU0309,7.8,0,1,2,92.1,3.5,0,1,48.5,69.9,0,5.0,51.7,1,7,3,1,13.77
STU0310,6.98,0,4,1,86.4,3.9,1,1,61.0,79.6,0,5.0,58.3,3,5,1,1,13.43
STU0311,6.96,0,4,4,44.4,3.5,1,0,89.0,76.3,0,4.1,68.4,5,4,2,1,12.61
STU0312,8.41,0,4,2,54.0,4.7,1,1,74.2,50.4,0,3.5,75.6,4,4,0,1,11.8
STU0313,8.11,2,3,0,33.7,4.2,1,1,68.1,52.3,0,2.5,73.0,3,2,3,1,11.95
STU0314,8.09,0,4,4,56.3,3.5,0,1,85.4,65.2,1,4.3,64.1,0,1,2,1,12.32
STU0315,8.64,3,0,4,79.5,3.7,1,0,58.4,93.8,0,3.6,57.4,4,3,2,1,13.96
STU0316,7.22,1,2,0,61.8,3.8,0,0,69.3,58.9,0,3.9,72.4,3,2,0,0,0.0
STU0317,7.95,1,2,2,74.9,3.9,0,0,73.7,67.3,0,5.0,62.9,1,4,1,1,13.53
STU0318,6.86,1,3,1,45.2,1.9,1,0,66.7,63.0,0,2.6,97.5,1,4,1,0,0.0
STU0319,7.56,1,2,1,80.0,3.2,1,0,73.2,62.8,2,2.5,75.6,0,4,2,0,0.0
STU0320,7.06,2,1,0,59.7,2.2,1,0,69.7,72.3,0,3.2,48.4,0,0,2,0,0.0
STU0321,7.31,0,2,2,68.2,4.7,1,0,55.2,88.2,1,4.2,56.4,3,1,0,0,0.0
STU0322,7.85,1,4,4,66.6,3.4,0,0,74.2,75.9,0,3.9,65.9,1,1,3,1,13.05
STU0323,6.3,2,2,2,48.9,3.3,1,1,56.1,59.6,0,2.5,88.4,0,2,3,1,12.4
STU0324,9.5,3,1,0,50.7,4.3,0,0,74.0,100.0,1,4.1,90.4,2,9,1,1,14.29
STU0325,6.09,2,1,2,82.5,3.9,1,0,88.5,71.0,0,2.3,57.9,2,3,0,1,11.94
STU0326,5.86,1,1,1,74.0,2.5,0,0,68.6,62.5,1,2.6,48.2,1,2,2,0,0.0
STU0327,8.47,2,1,3,83.8,3.4,1,1,57.9,88.4,0,3.3,45.9,0,1,1,1,13.14
STU0328,8.07,1,3,1,72.9,3.2,0,1,70.5,63.9,0,2.9,69.5,1,4,2,1,11.92
STU0329,7.89,1,3,0,70.1,1.9,1,1,62.0,91.6,1,4.2,100.0,3,4,2,1,14.01
STU0330,7.89,0,3,0,42.1,2.9,1,0,79.1,58.7,1,3.7,74.7,0,2,0,0,0.0
STU0331,7.19,1,2,3,63.9,3.3,1,1,70.2,88.6,1,5.0,36.3,2,7,1,1,9.22
STU0332,6.21,0,4,1,67.6,3.4,1,1,92.5,72.6,1,3.2,51.9,0,5,1,0,0.0
STU0333,7.28,1,1,3,97.3,2.2,1,0,86.0,86.8,3,3.3,53.8,1,2,3,0,0.0
STU0334,6.46,2,2,1,78.3,4.5,1,1,70.2,94.7,0,4.5,50.2,2,3,0,1,11.06
STU0335,8.27,0,4,1,91.0,3.4,1,1,80.6,55.3,0,3.3,58.0,0,3,0,1,13.17
STU0336,7.04,0,1,1,77.0,3.5,1,1,67.3,86.6,0,4.8,71.6,1,3,2,1,11.54
STU0337,6.29,0,1,4,57.3,3.9,0,1,72.4,51.7,0,3.9,77.3,1,5,0,1,10.58
STU0338,6.85,3,4,4,69.8,2.8,0,1,67.7,56.4,0,1.2,84.7,1,1,1,1,13.62
STU0339,7.65,1,2,1,71.5,3.9,0,0,81.2,59.6,2,4.5,74.4,3,3,0,0,0.0
STU0340,6.58,1,3,1,53.9,3.2,0,1,89.2,76.5,0,4.3,29.8,0,3,1,0,0.0
STU0341,6.3,2,0,0,62.2,2.7,1,0,81.6,70.4,1,4.3,46.0,4,3,1,0,0.0
STU0342,7.47,2,3,2,64.9,4.0,0,1,83.1,67.8,0,1.6,62.2,4,6,1,1,14.73
STU0343,7.47,1,2,1,92.1,4.8,0,0,83.1,71.9,0,2.8,67.7,3,2,3,1,14.3
STU0344,6.64,1,0,4,36.8,4.2,0,1,78.6,77.7,2,2.8,80.5,1,1,0,0,0.0
STU0345,6.68,2,3,4,86.1,4.3,1,0,58.3,78.7,0,2.6,65.8,4,4,0,1,14.06
STU0346,7.46,1,1,1,53.9,3.0,1,1,92.4,84.2,0,5.0,65.9,1,2,1,1,11.55
STU0347,5.61,0,2,1,47.4,2.1,0,0,93.7,93.7,0,3.4,69.3,0,1,1,0,0.0
STU0348,5.65,2,0,3,85.7,4.8,1,0,69.2,69.7,1,3.4,60.4,0,3,1,1,13.51
STU0349,6.41,1,1,3,79.0,5.0,0,1,67.6,63.2,0,3.9,66.6,5,2,0,1,13.17
STU0350,6.97,0,1,0,86.8,4.9,1,0,79.3,78.0,0,3.9,85.3,1,3,3,1,13.37
STU0351,7.54,1,0,1,80.0,3.2,1,1,78.6,55.1,1,1.0,63.5,4,2,1,0,0.0
STU0352,8.82,0,4,1,98.9,2.5,0,0,69.6,61.2,0,2.8,64.5,1,1,0,0,0.0
STU0353,8.14,0,0,1,76.4,2.5,1,1,57.0,83.0,1,2.1,64.4,4,4,1,1,13.54
STU0354,7.02,2,2,0,65.7,2.0,1,0,75.7,68.4,0,3.8,88.4,4,0,0,1,13.24
STU0355,7.18,0,1,0,73.1,3.4,1,0,78.6,54.3,0,3.1,45.1,5,8,0,1,11.53
STU0356,6.1,1,2,2,86.7,4.9,1,1,80.7,50.6,1,3.4,97.0,2,3,0,1,12.69
STU0357,7.18,1,4,1,56.3,3.4,0,1,76.2,70.6,2,1.4,43.8,4,4,0,0,0.0
STU0358,6.88,0,1,0,58.2,3.8,0,0,68.7,84.8,1,3.1,53.2,5,5,0,0,0.0
STU0359,7.55,3,5,1,63.4,4.7,0,1,83.9,84.7,1,4.5,78.4,1,2,1,1,13.98
STU0360,6.29,0,1,3,36.4,3.1,0,0,72.8,71.4,0,4.7,83.5,2,5,1,0,0.0
STU0361,7.77,1,3,3,70.1,5.0,0,0,66.4,96.1,0,4.1,39.7,3,6,1,1,12.66
STU0362,8.89,1,2,1,39.7,5.0,1,1,69.8,68.6,0,2.1,45.3,1,2,0,0,0.0
STU0363,7.08,0,4,1,68.8,3.4,0,0,51.0,68.2,2,4.6,70.0,3,10,3,1,12.83
STU0364,7.64,0,2,4,81.0,3.0,1,1,69.8,40.0,2,4.1,100.0,0,0,2,1,14.14
STU0365,7.96,2,2,1,60.8,4.1,1,1,80.3,64.2,3,3.3,87.4,2,2,3,1,14.5
STU0366,6.76,3,1,1,93.2,3.2,1,1,76.1,81.1,0,1.5,60.5,0,5,0,1,13.0
STU0367,7.45,0,1,1,46.1,2.5,1,1,90.2,90.3,0,4.3,21.5,1,2,1,0,0.0
STU0368,7.21,1,4,0,85.9,4.7,1,0,68.8,59.2,1,2.8,66.5,1,4,0,1,14.45
STU0369,7.31,2,2,1,78.1,4.6,1,0,77.8,76.0,1,3.7,71.5,4,6,2,1,15.01
STU0370,6.35,2,2,4,42.3,3.6,1,0,81.5,83.6,1,3.5,58.1,1,8,0,1,12.38
STU0371,7.23,1,3,2,100.0,2.4,1,0,100.0,70.1,1,4.9,49.7,4,3,0,1,15.1
STU0372,7.75,1,2,1,67.0,2.4,1,1,73.7,40.3,0,3.3,67.9,3,9,1,1,13.33
STU0373,8.8,1,5,4,54.8,3.6,0,1,59.5,73.2,0,3.4,48.0,2,3,1,1,12.82
STU0374,8.26,2,3,0,46.9,3.1,1,1,82.2,79.9,0,4.9,98.7,1,2,1,1,13.06
STU0375,9.57,2,2,1,64.7,3.2,1,1,94.4,57.7,0,2.8,92.3,1,4,0,1,14.63
STU0376,6.36,0,4,2,66.1,4.4,0,0,68.1,66.7,0,4.2,76.8,2,4,1,1,10.17
STU0377,8.16,1,0,2,69.5,4.2,0,1,82.1,55.0,0,3.2,66.6,0,3,3,0,0.0
STU0378,7.4,3,1,0,63.5,4.7,1,1,86.7,40.0,0,2.4,53.1,2,4,2,1,11.43
STU0379,9.61,2,2,1,77.5,2.6,1,1,84.2,83.4,1,3.4,64.6,5,3,1,1,15.67
STU0380,6.31,3,1,2,62.2,3.2,0,0,73.5,70.0,2,4.1,94.5,1,4,1,1,13.92
STU0381,6.28,2,3,2,39.0,4.2,1,1,63.6,90.8,2,4.7,80.6,2,8,0,1,10.13
STU0382,6.54,1,4,2,65.8,3.9,1,1,71.0,81.1,0,4.8,68.7,5,3,0,1,11.97
STU0383,4.86,1,2,1,32.5,4.9,1,1,77.5,65.4,0,3.1,81.6,4,2,0,1,11.74
STU0384,6.62,1,2,0,73.3,3.9,1,1,82.9,68.9,0,2.5,74.8,4,5,1,1,12.55
STU0385,6.36,0,5,1,53.3,5.0,1,1,76.0,77.4,3,3.1,72.1,4,3,2,1,10.31
STU0386,7.37,1,2,0,70.5,4.0,1,1,67.4,82.6,0,2.3,82.7,1,5,1,1,11.79
STU0387,7.58,2,2,4,87.7,4.5,0,1,78.7,74.2,0,3.2,74.3,4,1,0,1,12.88
STU0388,9.26,0,2,1,53.8,3.2,1,0,82.3,84.4,2,3.1,80.5,5,3,1,0,0.0
STU0389,8.25,2,4,1,83.9,3.5,1,1,76.6,66.1,0,4.1,67.9,2,1,0,1,14.0
STU0390,6.57,1,2,3,61.5,4.3,1,1,62.0,57.0,2,1.3,60.4,2,1,2,0,0.0
STU0391,6.21,3,3,1,94.3,5.0,1,1,69.8,69.2,0,2.7,55.1,2,4,0,1,13.31
STU0392,7.74,0,4,1,62.5,4.2,0,1,83.4,72.7,0,2.7,53.0,1,3,1,1,11.62
STU0393,5.75,0,2,3,55.4,3.4,1,1,55.4,54.4,0,4.5,36.1,1,6,1,0,0.0
STU0394,9.21,1,2,3,78.3,4.7,0,1,46.9,52.6,2,2.3,48.6,3,4,0,0,0.0
STU0395,8.5,0,4,2,61.5,1.5,0,0,90.1,75.8,2,3.6,48.1,2,2,0,0,0.0
STU0396,6.68,2,2,0,55.4,2.2,0,0,78.1,64.7,0,3.3,55.9,2,5,1,0,0.0
STU0397,5.32,2,3,2,60.8,4.1,0,1,79.3,67.8,0,4.4,93.1,0,4,0,1,13.23
STU0398,8.69,0,4,3,67.3,3.5,1,1,59.1,65.3,0,4.0,62.2,3,5,1,1,13.07
STU0399,7.07,1,3,0,88.1,4.0,0,1,80.9,89.8,3,3.5,69.4,1,4,2,1,13.9
STU0400,8.56,1,3,1,39.0,3.6,0,1,75.3,86.4,1,2.9,69.9,0,2,0,0,0.0
STU0401,5.45,1,4,3,68.3,4.0,1,1,53.0,53.9,1,1.6,93.6,3,4,1,1,12.26
STU0402,6.54,3,4,0,77.4,2.8,0,0,89.1,63.1,0,3.6,54.6,2,3,3,1,13.18
STU0403,7.21,2,2,3,70.9,4.0,0,1,73.9,81.1,0,3.9,61.0,0,3,1,1,12.78
STU0404,7.25,1,0,1,87.6,4.4,0,0,67.2,77.8,0,1.9,63.1,2,7,3,1,12.89
STU0405,6.7,2,2,1,66.9,4.6,0,1,67.5,69.5,1,2.2,85.5,3,3,0,0,0.0
STU0406,7.89,1,3,0,65.2,5.0,0,1,47.8,55.2,2,3.6,89.2,3,4,2,1,13.59
STU0407,6.03,3,2,3,76.9,3.7,0,1,79.1,61.1,0,3.7,73.5,2,3,1,1,13.68
STU0408,7.04,1,3,1,69.5,3.7,1,1,75.1,63.3,0,2.5,87.2,1,1,2,1,13.45
STU0409,7.33,2,2,2,62.1,2.1,0,1,69.7,73.6,0,2.9,68.2,3,3,0,1,12.98
STU0410,7.77,2,3,2,75.7,3.0,0,1,87.3,92.1,0,1.7,61.9,4,4,0,1,14.29
STU0411,7.98,0,1,2,58.2,3.3,1,1,55.4,61.1,3,4.7,86.2,3,3,0,0,0.0
STU0412,5.96,2,3,4,58.8,4.4,1,0,64.8,56.7,0,2.2,73.8,4,3,3,1,11.81
STU0413,5.51,0,2,2,60.1,3.0,1,1,61.8,68.6,2,3.9,51.8,2,6,1,0,0.0
STU0414,8.61,1,1,1,88.3,4.2,1,1,68.7,83.4,1,3.4,83.0,3,0,3,1,13.45
STU0415,7.57,1,1,4,20.0,3.5,0,1,72.8,51.2,1,4.6,61.2,4,2,0,0,0.0
STU0416,6.38,3,3,2,73.9,3.3,1,1,77.2,88.9,3,2.6,59.0,3,5,0,1,12.49
STU0417,8.91,2,2,1,68.5,3.7,0,0,67.8,67.8,1,3.5,81.1,4,7,0,1,13.78
STU0418,7.33,2,1,0,42.8,3.1,0,0,61.5,60.5,2,1.8,63.4,2,3,1,0,0.0
STU0419,8.5,2,5,3,72.6,3.1,1,1,92.2,49.2,0,1.6,72.0,4,6,2,1,13.94
STU0420,7.27,1,3,1,75.1,2.0,1,0,100.0,79.2,1,4.0,76.9,3,2,0,0,0.0
STU0421,9.47,3,5,2,76.8,3.3,1,1,73.7,67.8,1,1.7,50.9,4,2,3,1,14.52
STU0422,9.13,1,2,1,28.2,3.1,1,0,62.9,72.2,0,3.2,71.9,0,6,0,0,0.0
STU0423,6.93,1,2,0,88.5,3.0,0,1,89.7,58.3,1,4.4,89.3,3,7,1,1,13.93
STU0424,8.27,0,4,2,56.9,3.9,1,0,54.6,65.9,1,4.1,47.8,4,2,2,0,0.0
STU0425,7.91,2,2,0,78.3,4.1,1,1,68.0,63.7,2,2.8,73.1,1,1,0,0,0.0
STU0426,8.71,2,3,1,79.1,3.7,1,1,63.6,68.7,0,1.9,50.1,3,1,0,1,14.18
STU0427,6.14,1,1,2,54.8,4.4,1,0,58.1,61.3,1,3.9,83.4,4,2,0,0,0.0
STU0428,7.95,0,2,1,77.9,4.0,1,0,68.6,50.1,0,4.7,83.2,1,5,0,0,0.0
STU0429,8.36,2,1,2,62.2,3.2,0,1,61.6,100.0,1,2.8,58.6,2,4,3,1,13.77
STU0430,5.27,0,1,3,36.9,3.1,1,1,72.2,52.3,0,2.6,100.0,2,3,3,0,0.0
STU0431,5.9,2,0,3,85.5,3.8,0,0,72.3,72.4,0,2.9,84.9,2,4,2,1,13.11
STU0432,4.96,3,0,0,56.4,4.0,0,1,64.5,47.0,0,3.9,77.7,0,6,2,1,11.27
STU0433,6.9,1,5,0,55.2,4.8,1,1,67.6,44.0,0,4.6,76.7,0,1,0,1,11.61
STU0434,7.99,0,1,2,62.0,4.6,0,1,69.2,71.3,0,2.2,82.7,0,4,0,1,14.16
STU0435,8.85,2,3,4,72.1,3.0,1,1,81.7,72.3,0,2.0,47.1,1,7,2,1,14.77
STU0436,7.28,2,4,3,67.1,3.4,0,1,70.2,86.4,1,5.0,68.5,1,2,1,1,12.69
STU0437,8.99,1,2,3,76.2,4.1,1,1,81.9,75.2,2,3.2,71.9,3,6,1,1,12.22
STU0438,5.68,3,1,1,47.9,4.5,0,1,79.0,68.1,0,3.6,57.8,2,4,2,1,11.39
STU0439,5.33,0,3,1,56.9,4.3,0,0,78.9,57.7,0,2.7,73.4,3,0,1,0,0.0
STU0440,7.14,1,3,1,66.3,3.4,0,1,88.7,89.5,0,3.9,87.2,0,2,0,1,12.66
STU0441,7.62,2,3,0,96.5,2.4,1,1,58.6,82.1,1,4.3,57.4,2,4,2,1,13.31
STU0442,7.16,2,3,0,66.3,2.6,0,1,66.3,53.8,0,3.7,64.0,1,4,1,1,11.58
STU0443,4.93,0,5,4,84.3,3.7,1,1,93.2,70.5,0,5.0,50.2,4,4,2,1,12.34
STU0444,7.1,2,2,1,68.6,3.8,0,1,68.9,71.9,0,3.1,32.8,3,2,1,0,0.0
STU0445,5.77,1,2,1,60.7,2.5,0,0,40.0,65.5,0,3.2,79.0,4,4,0,0,0.0
STU0446,7.94,1,3,0,64.3,3.5,0,1,69.6,80.0,0,3.6,64.5,0,2,0,0,0.0
STU0447,7.6,0,0,4,65.5,4.1,1,1,73.6,80.8,0,3.8,65.9,3,3,2,1,11.25
STU0448,6.17,2,4,2,77.1,2.5,1,0,40.6,67.5,1,3.6,47.2,2,3,1,0,0.0
STU0449,6.63,0,1,2,88.6,4.5,1,1,88.0,66.3,1,2.2,61.7,4,4,1,1,12.06
STU0450,6.03,1,2,4,73.4,3.2,0,1,63.4,89.5,0,3.7,84.7,2,1,1,1,12.43
STU0451,7.13,0,4,1,85.8,4.6,1,1,75.9,82.1,1,3.0,65.0,2,2,1,0,0.0
STU0452,8.25,2,2,2,53.5,3.0,1,1,69.3,70.9,0,2.8,65.5,0,2,0,1,12.41
STU0453,6.12,1,2,0,61.8,2.6,0,1,56.5,48.8,3,3.4,68.7,3,1,0,0,0.0
STU0454,7.75,2,2,0,57.1,3.1,1,1,59.2,74.5,0,2.5,42.7,1,2,0,0,0.0
STU0455,6.62,0,4,3,72.7,3.4,1,1,60.8,79.1,1,2.3,76.2,0,4,0,0,0.0
STU0456,6.33,1,2,3,62.6,3.2,0,1,85.0,40.0,1,1.0,42.4,0,5,1,0,0.0
STU0457,7.08,1,4,1,78.9,3.3,0,0,70.2,73.3,0,5.0,48.1,5,4,0,1,12.47
STU0458,6.06,2,0,1,54.0,3.8,0,1,65.7,64.6,2,3.9,46.1,1,3,0,0,0.0
STU0459,6.59,3,3,2,68.6,3.3,1,0,60.8,67.1,0,3.3,61.8,4,1,0,1,12.98
STU0460,5.88,0,4,0,78.3,3.4,0,1,86.4,58.2,1,2.8,58.7,5,8,0,1,11.49
STU0461,9.36,1,1,1,37.0,2.0,0,1,89.6,68.1,0,1.0,65.0,5,2,3,0,0.0
STU0462,7.24,0,2,1,99.8,3.9,0,1,86.2,88.1,0,2.7,48.7,4,4,0,1,12.25
STU0463,6.43,1,1,1,63.8,3.4,0,1,77.9,64.2,0,4.1,83.1,4,7,1,1,11.61
STU0464,7.44,0,3,3,37.6,4.9,0,0,75.5,82.6,0,4.3,80.0,1,4,0,0,0.0
STU0465,7.08,1,2,1,70.4,2.7,1,1,57.4,59.5,0,4.0,61.9,1,2,2,0,0.0
STU0466,6.96,1,3,0,68.5,1.9,0,1,69.1,79.9,0,3.6,56.4,3,3,3,1,12.71
STU0467,7.88,1,1,2,66.8,4.1,1,1,63.8,70.0,1,4.6,54.6,2,0,1,1,13.18
STU0468,8.03,1,1,3,82.9,3.8,0,1,50.1,74.6,0,3.1,59.4,0,4,2,1,13.11
STU0469,6.62,2,0,1,79.2,2.6,1,1,84.7,70.1,0,4.4,39.8,3,4,0,1,13.21
STU0470,6.57,1,2,0,72.5,2.1,1,1,63.7,78.3,1,3.0,47.7,2,5,0,0,0.0
STU0471,6.9,0,2,1,74.8,4.9,0,1,86.4,40.0,0,2.6,80.5,4,0,0,0,0.0
STU0472,4.67,2,4,2,66.4,4.8,1,1,82.6,51.5,0,2.4,70.4,3,5,0,1,8.9
STU0473,5.53,0,3,2,94.6,1.3,1,1,78.7,75.4,0,2.4,94.4,2,5,0,1,12.28
STU0474,8.7,1,2,3,45.8,3.1,1,1,79.4,43.4,0,4.0,59.6,2,1,0,0,0.0
STU0475,9.01,1,5,4,70.1,5.0,1,1,64.6,63.1,0,2.7,58.5,2,3,1,1,13.97
STU0476,6.93,1,3,3,69.0,3.1,1,0,94.3,69.3,3,2.4,57.7,5,4,2,0,0.0
STU0477,7.83,0,4,2,80.2,3.1,1,1,72.5,59.2,0,4.1,59.3,0,3,0,1,11.83
STU0478,7.54,1,2,1,55.3,3.2,1,0,75.6,61.0,0,3.7,53.1,2,1,0,0,0.0
STU0479,10.0,3,1,0,41.8,2.5,1,0,64.2,73.5,0,4.3,69.9,3,1,1,1,13.13
STU0480,8.43,1,0,4,70.4,2.0,1,0,60.8,83.1,0,3.9,65.5,2,5,1,1,12.5
STU0481,7.06,1,3,1,72.2,4.4,1,0,77.7,57.5,0,2.7,55.8,1,2,0,0,0.0
STU0482,6.15,1,1,0,90.3,1.8,1,1,74.6,62.5,0,3.5,87.5,1,2,0,0,0.0
STU0483,5.43,0,2,2,48.9,3.7,1,0,62.5,60.5,0,3.5,99.1,1,6,1,0,0.0
STU0484,7.42,1,2,1,85.3,4.3,0,0,54.7,40.0,0,2.5,86.0,1,4,0,0,0.0
STU0485,6.37,2,2,2,100.0,2.2,1,0,56.8,71.8,2,2.4,75.0,4,4,2,0,0.0
STU0486,5.64,0,3,2,62.3,2.7,0,0,86.4,82.2,0,2.8,78.7,2,3,0,0,0.0
STU0487,6.49,0,1,1,48.6,4.6,1,0,64.6,83.2,0,5.0,98.4,1,4,0,0,0.0
STU0488,6.01,0,2,3,61.9,4.0,0,1,67.9,58.7,1,3.0,78.7,2,4,1,0,0.0
STU0489,9.06,1,3,1,68.2,2.9,0,1,89.4,53.7,0,4.6,54.5,0,8,3,1,13.14
STU0490,8.17,3,5,1,76.5,4.6,1,1,58.5,70.3,1,3.0,72.1,4,2,1,1,14.98
STU0491,7.19,0,3,2,59.1,4.6,0,1,63.3,80.8,1,4.2,76.3,2,2,0,1,12.56
STU0492,8.83,1,4,2,91.3,3.7,1,0,62.8,72.0,0,4.3,47.1,5,1,0,1,13.16
STU0493,7.29,0,3,3,51.3,2.7,1,0,91.4,73.8,0,4.3,59.9,1,4,1,1,11.07
STU0494,6.25,3,2,1,41.9,3.1,0,0,95.9,84.8,3,3.8,84.8,4,4,0,0,0.0
STU0495,8.88,0,1,2,84.6,3.8,0,1,81.0,60.4,1,4.7,32.2,1,1,1,1,12.82
STU0496,7.79,1,3,0,33.9,3.3,1,0,81.4,67.1,2,3.8,42.5,0,3,1,0,0.0
STU0497,6.06,2,3,4,64.9,4.3,0,1,65.0,91.2,0,5.0,61.8,0,2,0,1,13.02
STU0498,6.99,2,3,1,100.0,2.1,1,0,95.4,67.4,0,1.9,71.4,3,3,0,1,13.94
STU0499,6.24,1,2,2,67.8,2.2,1,0,75.2,53.5,2,3.7,40.6,1,8,2,0,0.0
STU0500,5.68,1,2,0,51.2,3.7,0,1,82.2,61.3,0,3.7,62.7,2,4,1,0,0.0
STU0501,8.22,1,2,1,67.1,3.1,0,1,70.7,57.8,3,2.5,85.8,4,0,2,0,0.0
STU0502,9.3,0,2,1,67.2,2.9,1,1,68.8,74.6,0,4.0,66.2,1,2,0,1,11.36
STU0503,5.66,0,1,3,70.4,1.9,1,1,92.0,58.4,2,2.0,81.9,1,0,1,0,0.0
STU0504,7.82,1,4,2,77.9,3.5,0,1,78.5,73.5,0,2.8,54.3,4,5,0,1,12.14
STU0505,6.48,0,1,4,52.4,3.5,0,1,89.4,60.4,0,1.5,50.4,2,3,0,0,0.0
STU0506,6.66,0,0,1,93.3,4.1,1,1,75.1,42.4,2,4.9,80.3,4,10,1,1,12.4
STU0507,6.55,1,2,1,71.7,3.6,1,0,61.8,74.0,0,3.2,71.6,2,5,2,1,12.98
STU0508,6.25,3,3,0,78.9,3.4,0,1,65.0,71.9,0,5.0,43.7,2,4,0,1,12.85
STU0509,7.25,1,2,3,58.6,4.6,1,1,73.2,76.7,0,4.2,50.6,1,5,2,1,12.42
STU0510,6.29,0,1,1,87.3,2.3,1,1,64.5,61.3,1,3.8,93.2,4,5,1,1,13.82
STU0511,7.5,0,2,3,64.1,4.0,1,1,58.7,59.9,3,2.8,48.4,4,2,0,0,0.0
STU0512,7.14,3,2,4,72.2,2.0,1,1,86.4,75.2,0,2.4,81.8,5,4,2,1,13.86
STU0513,6.94,0,4,4,54.0,2.7,1,1,65.5,89.7,0,3.9,56.4,2,4,1,1,11.1
STU0514,6.2,0,4,2,53.0,2.4,1,1,73.7,70.1,0,3.3,64.9,4,3,1,0,0.0
STU0515,6.57,1,2,2,78.3,4.2,1,1,75.6,75.5,1,2.1,70.3,2,2,1,0,0.0
STU0516,8.03,1,2,3,61.3,3.4,1,1,64.9,65.8,0,2.0,27.2,2,2,1,0,0.0
STU0517,7.75,1,3,0,55.2,3.5,1,1,89.4,49.9,0,2.5,38.7,4,2,2,0,0.0
STU0518,6.12,0,0,2,58.4,2.5,1,0,58.6,82.6,0,5.0,66.6,1,0,0,0,0.0
STU0519,7.31,0,2,0,78.5,3.2,0,1,75.1,81.8,0,5.0,52.0,1,7,0,0,0.0
STU0520,8.03,3,2,1,58.6,2.8,0,0,75.0,79.2,2,3.6,82.9,1,4,2,0,0.0
STU0521,5.36,0,4,0,66.2,3.8,1,1,71.3,67.6,0,3.5,36.1,3,4,2,0,0.0
STU0522,7.8,1,0,0,68.2,2.6,0,0,56.4,77.8,0,3.1,75.2,2,4,0,0,0.0
STU0523,6.47,2,2,1,39.2,4.7,1,1,82.4,81.6,0,2.5,40.2,2,4,0,1,10.1
STU0524,7.83,1,3,1,45.9,2.0,0,1,80.9,91.1,1,4.7,58.7,5,9,1,1,11.96
STU0525,6.36,1,2,2,73.0,2.8,1,0,63.9,82.9,0,5.0,45.8,2,3,0,0,0.0
STU0526,5.21,0,0,0,56.9,5.0,0,0,80.5,70.8,0,2.6,99.2,1,5,1,0,0.0
STU0527,5.41,1,5,2,83.9,3.1,1,1,76.5,53.0,0,3.3,40.9,3,3,0,1,11.81
STU0528,7.25,2,2,0,82.5,2.3,1,0,56.6,72.0,1,3.0,62.8,4,6,1,1,13.51
STU0529,7.49,3,3,2,78.8,3.7,0,0,61.8,73.3,0,3.0,33.9,0,6,0,1,14.54
STU0530,6.21,0,1,2,95.3,3.1,1,1,85.7,79.2,0,4.5,93.8,3,7,1,1,13.91
STU0531,7.9,0,2,2,66.8,2.7,0,1,75.7,87.6,0,2.2,72.2,0,0,1,0,0.0
STU0532,5.37,3,2,2,77.7,2.5,0,1,65.2,68.8,0,3.8,67.5,2,2,1,0,0.0
STU0533,7.13,2,0,1,59.2,5.0,0,1,61.7,97.3,3,4.1,91.5,1,1,0,0,0.0
STU0534,5.87,2,1,3,100.0,3.3,0,0,65.8,47.1,0,3.3,67.7,1,3,0,1,13.51
STU0535,6.48,0,4,1,97.8,1.8,1,0,66.7,75.5,2,4.2,69.0,2,3,0,0,0.0
STU0536,7.25,1,1,1,68.2,4.8,0,0,61.8,59.6,0,3.5,67.4,5,2,1,1,12.29
STU0537,6.25,2,1,2,73.8,4.0,1,1,51.1,45.2,0,4.6,75.1,3,5,1,1,14.36
STU0538,6.78,1,2,0,88.4,2.8,0,1,85.7,67.4,0,2.0,56.1,5,2,0,1,12.91
STU0539,8.31,1,3,2,65.8,2.7,1,0,83.6,51.1,3,3.1,61.1,3,6,2,0,0.0
STU0540,6.57,0,0,2,58.2,4.1,0,1,56.7,67.9,0,3.3,79.6,0,2,2,0,0.0
STU0541,8.12,1,2,1,81.1,3.3,1,1,73.6,70.5,2,1.0,70.0,1,3,1,0,0.0
STU0542,5.96,0,1,0,69.2,1.8,1,1,61.2,84.5,0,2.4,62.9,4,4,0,0,0.0
STU0543,7.78,1,0,0,70.7,5.0,1,1,68.9,50.4,0,2.6,39.8,3,4,2,1,12.21
STU0544,8.79,3,0,4,55.5,3.1,0,1,67.9,81.8,2,4.3,92.0,5,1,2,1,13.85
STU0545,4.48,1,4,2,42.2,4.8,1,1,66.9,71.3,3,2.7,53.1,1,6,3,0,0.0
STU0546,6.32,2,1,0,71.5,4.7,0,1,96.0,83.4,0,2.6,82.8,1,4,0,1,12.47
STU0547,7.83,0,0,1,81.6,2.6,0,1,66.7,64.4,1,4.2,68.2,2,6,3,0,0.0
STU0548,6.98,1,2,2,64.6,4.4,1,1,62.3,52.7,0,1.9,41.7,1,6,0,0,0.0
STU0549,7.61,3,4,3,89.5,2.9,1,1,62.8,54.2,0,1.4,87.5,1,4,1,1,14.61
STU0550,6.54,0,1,0,57.4,1.8,1,0,84.5,53.2,0,3.1,69.6,2,7,1,0,0.0
STU0551,7.3,0,2,1,52.2,3.1,1,0,52.2,76.2,0,2.0,89.0,3,6,1,0,0.0
STU0552,7.03,1,0,3,67.0,3.9,0,1,62.8,89.2,0,2.1,61.7,1,8,1,1,11.28
STU0553,8.48,0,2,0,66.8,3.1,0,1,89.4,62.7,0,3.9,77.7,0,6,0,0,0.0
STU0554,7.48,2,2,1,79.5,3.2,0,1,74.9,78.2,3,4.2,33.3,3,6,2,0,0.0
STU0555,7.57,3,2,4,56.4,4.5,1,1,74.3,50.2,1,4.1,56.0,2,3,1,1,14.05
STU0556,6.75,1,2,2,88.5,3.6,1,0,97.6,72.3,0,4.5,42.1,2,2,3,1,10.33
STU0557,6.66,0,2,1,97.5,2.7,0,1,75.0,78.7,3,4.6,58.3,2,7,0,0,0.0
STU0558,6.72,1,1,0,67.4,4.1,1,0,63.5,51.2,0,1.4,73.5,4,5,1,0,0.0
STU0559,7.63,2,2,0,86.7,3.7,1,1,68.6,67.3,0,3.8,54.1,2,2,1,1,13.27
STU0560,6.74,0,0,1,52.2,1.2,1,1,58.4,79.3,1,2.9,80.5,5,3,1,0,0.0
STU0561,7.52,1,3,3,84.1,3.9,1,1,87.1,40.0,0,2.7,49.6,2,4,2,1,12.57
STU0562,9.48,1,5,1,83.7,3.9,1,0,78.9,87.4,1,3.9,80.9,1,3,0,1,15.46
STU0563,8.16,1,5,2,81.0,3.5,1,1,85.5,74.6,0,1.8,88.6,2,1,0,1,13.86
STU0564,6.84,0,4,4,67.8,4.3,0,1,86.6,79.3,0,1.7,83.2,2,1,2,1,13.64
STU0565,8.52,2,3,1,23.7,2.9,0,1,67.0,64.6,0,4.0,58.8,2,5,1,0,0.0
STU0566,6.75,0,3,0,58.4,3.8,0,1,60.7,47.6,3,3.9,26.7,3,3,0,0,0.0
STU0567,4.96,0,1,2,58.6,2.1,1,1,71.4,76.9,1,3.5,75.5,1,4,1,0,0.0
STU0568,6.09,2,3,4,53.3,3.9,1,1,61.5,68.9,1,2.6,62.7,3,5,1,1,12.62
STU0569,5.14,2,2,3,69.8,5.0,1,1,74.0,70.4,0,4.1,47.4,3,5,1,1,12.37
STU0570,6.81,0,2,0,61.7,2.6,0,0,85.6,84.1,0,4.0,55.0,3,2,0,0,0.0
STU0571,7.22,0,3,2,55.6,2.8,1,1,70.0,79.9,1,3.5,90.8,2,1,1,0,0.0
STU0572,9.04,0,1,2,52.1,2.9,1,1,73.8,95.0,0,2.3,44.5,5,4,1,1,12.35
STU0573,7.56,0,2,4,57.3,3.6,1,0,70.9,72.0,0,3.0,73.4,2,5,2,0,0.0
STU0574,6.96,0,4,0,84.8,2.5,1,0,81.6,61.0,1,4.2,68.9,0,1,2,0,0.0
STU0575,8.11,0,0,2,58.1,3.9,1,0,64.0,67.6,0,4.7,58.6,4,3,1,0,0.0
STU0576,4.77,1,2,3,60.3,4.3,0,0,45.6,75.4,0,3.1,76.6,1,6,0,0,0.0
STU0577,7.46,2,4,1,61.1,4.0,0,1,77.7,83.2,2,3.2,94.4,3,8,0,1,14.93
STU0578,8.05,1,3,1,73.1,1.9,0,1,83.9,50.9,1,3.2,59.7,1,3,0,0,0.0
STU0579,5.57,1,2,0,74.8,4.4,1,1,77.4,70.1,1,3.7,60.6,0,1,0,0,0.0
STU0580,8.46,0,1,1,22.3,4.3,0,1,64.3,90.9,0,2.8,76.2,1,2,2,0,0.0
STU0581,7.57,3,2,1,83.3,4.2,1,1,58.4,66.9,0,1.0,81.5,2,2,2,1,15.45
STU0582,6.74,2,4,4,89.5,3.8,1,1,77.9,82.1,1,4.5,62.7,0,2,1,1,13.42
STU0583,7.9,2,2,1,52.2,3.7,0,1,73.7,76.4,1,5.0,59.5,1,3,0,0,0.0
STU0584,9.7,2,2,1,53.4,4.4,1,1,70.5,82.4,0,2.8,25.1,3,4,0,1,13.4
STU0585,7.4,3,0,2,61.2,5.0,0,1,93.9,59.5,3,2.4,51.0,3,1,2,0,0.0
STU0586,7.47,1,0,0,56.7,2.6,0,1,60.6,59.5,3,3.3,44.5,4,6,2,0,0.0
STU0587,6.69,0,5,1,71.4,4.5,1,0,93.3,70.3,0,3.2,77.3,4,4,0,1,10.72
STU0588,6.27,1,2,2,38.8,3.4,0,1,72.4,50.1,2,4.3,60.6,2,4,1,0,0.0
STU0589,8.11,2,3,3,51.2,3.4,1,1,50.0,66.5,0,3.5,59.9,4,9,0,1,12.45
STU0590,6.26,2,0,2,91.1,2.1,1,1,69.8,73.3,0,2.6,64.8,2,4,0,1,13.02
STU0591,7.28,1,3,2,54.1,3.2,1,1,83.5,93.2,0,2.1,49.3,2,7,0,0,0.0
STU0592,6.67,0,4,0,86.7,2.6,1,0,67.6,75.2,0,4.2,93.0,3,2,1,1,13.63
STU0593,7.73,1,2,4,73.3,3.1,0,1,54.3,78.1,2,4.0,88.4,1,2,0,0,0.0
STU0594,7.57,3,1,0,40.9,2.5,1,1,70.0,85.1,1,4.4,94.1,3,4,0,1,12.71
STU0595,8.34,1,2,3,77.5,3.1,0,1,61.7,57.5,1,2.5,77.3,2,4,0,1,13.88
STU0596,6.64,1,3,1,66.2,3.1,0,0,77.9,67.9,0,5.0,64.5,0,2,0,0,0.0
STU0597,6.9,0,2,4,61.2,3.6,0,1,81.3,100.0,0,1.7,94.1,0,4,1,0,0.0
STU0598,6.12,1,4,2,71.7,2.0,0,1,59.3,69.0,0,4.1,52.7,1,0,0,0,0.0
STU0599,6.71,2,3,3,75.1,2.2,1,1,63.5,84.5,0,1.6,49.3,4,4,2,1,13.79
STU0600,7.62,1,4,1,78.6,3.8,0,0,81.1,82.5,0,2.6,54.2,5,3,0,0,0.0
STU0601,8.03,2,3,1,85.7,2.8,1,0,61.7,50.8,0,4.9,74.4,2,4,0,1,15.02
STU0602,6.19,1,1,2,74.1,4.5,1,1,59.0,74.0,0,4.2,51.3,1,3,0,0,0.0
STU0603,8.16,1,2,3,47.4,3.7,1,0,57.9,71.9,0,2.9,62.2,1,9,0,1,14.08
STU0604,8.69,0,1,0,60.9,4.0,1,1,76.2,74.3,0,2.9,36.2,4,3,0,0,0.0
STU0605,7.65,2,4,4,100.0,4.8,0,1,75.7,60.2,0,3.5,73.7,1,9,0,1,14.23
STU0606,9.26,1,3,3,78.9,3.2,1,1,63.8,55.5,2,3.9,37.7,5,1,2,1,13.91
STU0607,6.35,1,3,1,100.0,3.0,1,1,72.1,63.8,0,4.6,48.2,3,4,1,1,12.91
STU0608,5.83,1,2,3,88.9,4.3,0,0,90.3,68.7,0,3.0,86.9,4,3,2,1,12.51
STU0609,5.24,3,1,2,71.6,4.0,1,1,60.3,85.4,2,1.9,86.2,2,6,0,1,14.85
STU0610,8.85,0,3,1,72.5,3.3,1,1,48.6,93.6,3,3.5,71.7,3,5,1,0,0.0
STU0611,7.92,2,2,1,67.5,4.8,0,1,77.5,88.2,1,3.0,70.0,3,5,0,1,13.56
STU0612,7.14,0,1,2,41.9,3.3,0,1,70.7,81.2,0,2.2,55.4,4,1,2,0,0.0
STU0613,7.51,1,3,2,68.3,3.5,0,1,63.5,56.9,0,3.7,51.1,4,6,3,1,12.92
STU0614,5.96,0,0,1,86.2,3.5,1,0,79.8,64.7,3,3.2,58.5,2,2,2,0,0.0
STU0615,9.89,1,2,2,59.0,2.7,1,1,82.1,72.7,2,3.7,37.8,3,0,0,0,0.0
STU0616,7.34,1,2,2,74.2,3.6,1,1,45.5,61.8,0,2.6,69.5,5,2,0,0,0.0
STU0617,7.32,0,1,2,80.8,4.8,1,1,64.2,77.5,0,3.9,65.9,5,3,0,1,13.09
STU0618,8.0,1,5,0,54.4,3.9,1,1,99.8,79.4,0,2.1,48.2,3,5,0,1,11.61
STU0619,7.73,3,1,3,61.2,3.5,1,0,79.0,77.0,0,2.6,93.2,0,2,0,0,0.0
STU0620,7.45,0,1,1,52.7,3.4,1,1,80.1,83.3,1,3.2,75.9,0,1,0,0,0.0
STU0621,6.33,2,1,1,55.7,3.8,1,1,86.1,58.2,0,5.0,77.5,4,4,0,1,13.5
STU0622,7.72,1,3,1,48.7,4.2,1,0,72.2,82.1,3,4.1,56.2,0,9,1,0,0.0
STU0623,9.27,1,2,1,54.5,4.0,1,1,81.6,61.0,0,4.4,65.0,1,4,1,1,14.28
STU0624,8.68,0,2,3,89.3,3.2,1,0,80.6,57.8,1,4.7,76.3,1,4,2,1,13.37
STU0625,8.95,0,0,1,54.3,3.8,1,1,78.5,76.9,0,5.0,67.8,3,4,0,1,12.53
STU0626,6.64,0,0,2,69.9,3.9,0,0,68.1,85.8,0,3.4,93.8,2,5,0,1,12.36
STU0627,6.11,0,2,0,60.5,2.6,0,1,74.1,76.3,0,4.7,61.3,1,9,1,0,0.0
STU0628,7.06,0,4,1,85.7,3.7,1,0,64.9,70.3,1,4.4,55.9,1,4,1,1,12.89
STU0629,7.26,1,4,4,87.7,1.6,0,1,72.2,74.0,0,4.3,76.4,3,3,0,1,13.65
STU0630,8.4,2,0,3,81.0,3.9,1,1,58.0,71.8,0,5.0,42.2,5,6,2,1,13.01
STU0631,5.34,2,2,1,72.6,4.1,0,0,62.5,55.4,2,3.0,81.6,0,8,0,0,0.0
STU0632,8.88,1,4,2,64.5,4.2,0,1,68.6,53.8,0,2.9,41.6,0,1,0,1,12.1
STU0633,7.03,0,2,1,50.1,3.1,0,0,60.7,69.0,3,3.7,76.5,3,4,1,0,0.0
STU0634,6.73,0,4,1,97.2,3.8,0,1,65.9,71.0,2,3.2,53.3,4,5,0,1,11.33
STU0635,6.09,1,1,3,56.6,4.8,0,1,70.0,70.1,3,3.7,73.6,3,4,1,0,0.0
STU0636,5.38,0,4,3,78.0,4.8,1,1,76.8,78.8,0,4.9,81.3,3,3,0,1,12.18
STU0637,8.11,1,3,1,83.9,3.5,1,1,83.4,67.2,0,2.9,67.8,4,4,0,1,13.79
STU0638,7.28,1,4,4,59.7,3.6,1,1,66.4,77.3,3,3.1,43.4,1,2,3,1,13.01
STU0639,5.78,1,3,2,83.6,4.5,1,0,88.0,68.1,0,3.6,48.9,0,3,0,0,0.0
STU0640,5.78,1,2,1,79.5,2.1,1,1,83.3,93.7,0,3.2,51.9,3,10,1,1,11.33
STU0641,6.83,2,4,2,93.9,3.2,1,0,78.0,71.0,1,1.6,30.9,4,4,0,1,12.11
STU0642,9.04,2,1,2,61.0,4.7,1,1,73.8,100.0,0,2.8,85.3,2,6,1,1,15.33
STU0643,6.91,1,2,2,48.7,4.4,1,0,75.8,74.6,1,4.1,67.0,5,5,0,1,11.87
STU0644,5.55,3,3,1,60.4,3.8,0,1,86.2,67.2,2,4.8,44.6,3,4,2,1,12.49
STU0645,6.93,3,3,2,71.1,2.1,0,0,86.7,58.3,1,2.3,91.2,3,6,2,1,14.56
STU0646,6.9,1,4,0,68.9,3.5,0,1,88.0,51.2,0,2.3,52.4,0,2,0,0,0.0
STU0647,4.23,1,1,3,62.1,3.0,0,0,72.5,57.1,0,3.4,69.5,0,4,0,0,0.0
STU0648,7.14,1,3,2,39.4,3.8,1,0,78.7,58.6,0,1.4,50.1,3,4,3,0,0.0
STU0649,6.95,3,3,0,75.1,2.8,0,1,88.1,75.1,0,3.0,28.7,1,4,2,1,12.37
STU0650,7.97,2,0,3,97.6,2.6,1,0,64.5,63.2,0,1.8,40.4,0,2,1,0,0.0
STU0651,9.23,0,2,4,75.0,1.6,1,1,68.2,72.4,0,4.7,56.9,4,2,1,1,12.2
STU0652,8.44,1,1,4,77.1,4.6,1,1,72.2,86.7,0,2.7,81.2,4,2,2,1,15.06
STU0653,6.9,1,2,1,76.6,3.1,1,0,82.8,68.9,0,5.0,71.2,1,4,0,1,11.34
STU0654,5.98,1,5,0,74.0,3.6,0,1,83.0,97.0,2,4.5,67.5,3,9,1,1,12.19
STU0655,10.0,0,3,2,82.0,3.5,1,1,69.2,54.7,0,2.8,28.8,0,8,1,0,0.0
STU0656,7.27,2,3,0,73.9,2.5,0,1,53.9,68.0,0,2.4,87.9,1,2,2,1,12.74
STU0657,7.22,1,5,4,63.3,2.4,1,1,75.0,63.0,1,3.2,69.0,3,3,0,1,10.79
STU0658,7.17,2,2,0,56.1,2.6,1,1,61.0,82.2,1,3.3,62.9,3,0,1,1,11.55
STU0659,7.42,2,4,1,64.3,2.8,1,0,54.1,40.9,0,3.7,85.4,0,3,1,1,13.62
STU0660,7.04,2,2,1,72.7,3.8,1,0,56.8,51.2,1,2.7,87.5,1,6,2,1,13.28
STU0661,6.57,1,4,1,63.3,2.8,1,1,75.9,68.6,0,4.1,85.8,1,7,1,1,11.72
STU0662,6.6,1,1,3,72.7,5.0,0,1,88.3,90.2,0,3.7,60.6,5,2,2,1,13.27
STU0663,7.16,0,4,1,74.6,4.4,0,1,72.5,72.9,2,3.1,46.9,3,2,2,1,10.7
STU0664,6.6,1,1,0,80.5,4.2,1,1,74.5,52.4,2,2.7,82.8,2,2,1,0,0.0
STU0665,6.42,0,2,1,87.2,3.4,1,1,86.2,54.4,0,3.2,40.4,0,3,0,0,0.0
STU0666,7.32,1,3,2,69.2,4.9,1,0,53.5,91.7,1,2.6,100.0,2,5,1,1,12.76
STU0667,6.92,0,2,0,48.4,3.3,0,0,78.2,61.9,2,3.5,65.5,3,4,2,0,0.0
STU0668,8.85,0,3,2,62.8,3.5,1,1,71.9,57.7,3,3.5,45.9,4,5,0,0,0.0
STU0669,4.28,0,2,2,68.7,3.7,1,0,78.8,89.2,0,3.6,42.8,1,4,1,0,0.0
STU0670,8.4,0,3,2,40.5,4.1,1,0,66.2,83.1,0,5.0,42.0,5,2,0,1,11.15
STU0671,8.57,2,1,4,88.8,4.1,1,0,62.2,86.6,0,3.3,67.5,2,2,0,1,13.95
STU0672,4.92,2,0,4,70.1,3.1,1,1,73.7,57.6,0,4.4,64.9,1,0,1,0,0.0
STU0673,6.82,1,1,4,73.7,3.0,0,1,91.8,50.2,0,3.6,42.8,1,5,1,1,12.14
STU0674,6.79,0,2,1,88.5,4.1,1,0,82.3,71.7,1,3.2,58.6,2,6,1,1,14.11
STU0675,5.65,0,1,0,58.5,4.1,0,0,65.9,74.4,2,3.3,40.4,5,5,2,0,0.0
STU0676,6.34,0,2,1,76.6,3.1,0,1,55.9,74.7,2,3.3,75.6,3,1,0,0,0.0
STU0677,5.98,0,2,3,66.4,2.1,1,1,51.8,89.2,0,3.7,64.0,2,5,0,0,0.0
STU0678,9.13,2,0,4,65.2,3.3,1,1,87.8,47.5,0,2.5,58.2,1,0,2,1,13.45
STU0679,8.23,0,2,3,56.4,4.1,1,1,60.5,81.2,0,2.0,41.8,0,1,1,0,0.0
STU0680,8.6,1,4,0,93.0,5.0,1,1,68.1,55.7,0,4.0,59.6,2,3,0,1,13.49
STU0681,7.99,0,1,4,62.4,2.4,1,0,87.9,81.1,2,4.3,57.5,3,3,2,1,11.09
STU0682,5.96,0,2,1,78.5,3.1,0,1,52.6,63.8,0,4.1,70.7,3,5,2,0,0.0
STU0683,6.62,1,3,0,39.9,3.1,1,1,89.9,59.4,1,3.5,68.0,1,4,1,0,0.0
STU0684,7.74,1,2,1,85.7,4.7,0,1,69.0,62.1,0,4.1,79.3,0,2,2,1,14.55
STU0685,5.86,0,3,0,83.8,3.5,1,1,58.2,51.2,0,4.1,56.3,2,2,0,0,0.0
STU0686,7.98,0,2,2,69.5,2.7,0,0,69.0,70.5,1,4.1,31.5,4,2,0,0,0.0
STU0687,6.94,1,2,1,64.6,4.0,1,1,63.3,60.0,0,2.6,82.8,2,1,2,1,13.52
STU0688,6.79,0,0,1,74.0,3.1,1,1,77.3,80.2,0,2.4,48.2,1,2,1,0,0.0
STU0689,7.98,0,3,2,100.0,2.4,0,1,64.2,78.3,0,3.0,45.1,1,5,0,1,13.32
STU0690,7.69,3,3,3,41.6,2.7,0,1,49.1,91.9,1,3.4,64.2,0,2,1,1,12.24
STU0691,6.8,1,0,2,79.7,5.0,0,1,69.4,74.8,3,3.2,70.4,2,6,1,1,14.2
STU0692,8.48,1,2,1,54.3,3.8,0,0,55.7,76.8,2,1.6,55.4,3,3,0,0,0.0
STU0693,6.01,1,5,3,67.7,3.6,0,0,74.5,88.2,3,5.0,55.3,5,3,1,0,0.0
STU0694,7.88,1,2,4,64.3,3.3,1,1,57.8,61.8,2,3.1,58.0,2,3,0,0,0.0
STU0695,7.85,1,2,0,61.6,3.8,1,0,66.1,50.7,2,3.6,90.5,1,5,0,0,0.0
STU0696,6.86,1,4,2,67.8,3.8,1,1,74.2,72.6,0,4.6,65.0,3,4,1,1,14.54
STU0697,7.56,2,3,1,51.0,3.8,1,0,69.5,51.5,0,1.2,47.6,3,0,0,0,0.0
STU0698,5.82,0,2,0,83.4,3.6,1,1,75.0,100.0,0,2.9,47.8,0,7,0,0,0.0
STU0699,8.22,1,3,2,41.1,4.3,1,1,80.2,88.9,2,3.0,60.5,4,1,2,1,13.28
STU0700,7.0,1,4,3,76.1,3.5,1,1,58.1,98.1,0,3.1,69.3,4,7,1,1,13.25
STU0701,6.63,2,2,0,63.1,2.6,1,0,71.2,70.8,0,3.2,73.7,2,0,1,0,0.0
STU0702,8.35,1,2,3,50.4,2.9,1,1,40.0,77.2,3,4.8,67.2,2,5,0,0,0.0
STU0703,6.43,1,2,3,71.0,1.7,0,1,75.0,64.0,0,4.0,49.8,3,4,0,0,0.0
STU0704,5.65,0,5,4,44.6,5.0,1,1,68.4,81.5,3,4.3,57.4,3,4,1,0,0.0
STU0705,5.49,1,3,1,68.6,4.3,1,0,60.2,54.2,1,3.4,78.2,0,1,0,0,0.0
STU0706,7.87,0,0,4,46.7,2.8,0,0,75.8,40.0,0,2.1,44.4,0,2,1,0,0.0
STU0707,5.79,1,4,1,74.9,3.2,1,0,86.1,59.7,1,1.4,56.6,1,5,1,0,0.0
STU0708,9.13,0,2,2,54.1,2.9,0,0,66.3,51.1,2,1.9,75.8,3,6,1,0,0.0
STU0709,4.91,1,0,0,61.2,4.9,0,1,60.7,89.2,0,3.7,80.8,2,4,0,1,10.82
STU0710,9.07,0,2,0,72.4,2.2,0,1,74.0,93.6,1,3.4,61.5,2,3,0,0,0.0
STU0711,7.43,1,2,2,56.4,3.6,1,0,56.0,51.8,2,3.2,57.6,3,1,3,0,0.0
STU0712,7.09,2,4,1,67.1,3.4,1,0,64.1,86.8,0,3.0,41.2,1,4,3,1,13.11
STU0713,6.6,0,1,1,45.3,4.2,1,0,86.7,82.4,0,5.0,74.5,3,2,1,0,0.0
STU0714,7.64,1,4,0,77.5,3.4,0,1,72.7,49.6,0,2.6,88.7,2,1,2,1,13.95
STU0715,7.16,1,2,2,94.5,1.9,1,1,49.4,64.9,0,4.3,100.0,2,4,1,1,14.9
STU0716,8.41,0,0,0,100.0,3.3,1,1,50.4,62.5,0,3.4,72.0,1,3,0,1,14.37
STU0717,7.33,2,5,3,69.4,2.6,0,1,73.9,79.7,1,3.3,64.1,5,0,0,1,13.01
STU0718,7.37,0,2,0,79.8,3.6,1,1,82.3,54.0,0,4.5,48.4,3,1,0,1,11.07
STU0719,6.8,1,1,0,41.3,4.8,0,1,52.6,68.7,2,4.8,31.2,0,4,1,0,0.0
STU0720,7.14,1,2,1,90.5,1.9,0,0,77.4,61.1,0,3.2,68.2,5,1,1,1,14.25
STU0721,7.54,1,4,1,79.6,2.8,1,1,88.0,76.2,0,4.2,100.0,3,6,3,1,13.73
STU0722,5.32,1,2,1,60.7,3.0,1,1,94.7,67.2,1,3.7,87.9,0,3,2,0,0.0
STU0723,5.72,0,1,1,86.6,3.2,0,0,76.0,63.0,2,3.4,85.1,0,1,2,0,0.0
STU0724,8.02,0,1,4,64.2,4.2,0,0,78.1,67.2,0,3.6,69.4,1,5,2,0,0.0
STU0725,7.39,2,1,2,61.1,3.3,0,1,46.4,96.5,0,2.7,71.5,3,4,2,1,11.97
STU0726,7.0,1,3,0,75.1,3.9,0,1,97.2,64.6,2,3.1,21.4,3,3,0,0,0.0
STU0727,7.22,2,2,1,52.0,2.9,0,1,65.1,56.5,0,2.8,78.7,1,3,0,1,11.92
STU0728,7.58,2,1,3,83.3,3.7,0,1,60.8,77.6,0,4.3,54.6,2,0,1,1,14.33
STU0729,6.61,2,1,1,52.2,4.2,1,0,68.9,68.1,0,3.3,52.4,1,4,1,0,0.0
STU0730,6.34,1,2,0,52.2,2.8,1,0,90.1,51.6,1,2.2,59.2,0,3,0,0,0.0
STU0731,7.42,1,4,3,54.4,4.2,1,0,98.5,99.0,0,2.7,58.6,2,5,2,1,13.17
STU0732,6.12,2,2,2,79.4,3.5,1,1,73.5,65.4,0,1.0,52.1,1,4,3,1,12.36
STU0733,7.65,1,5,2,58.7,4.4,0,1,84.0,65.1,0,2.9,65.2,2,4,1,1,12.1
STU0734,5.33,0,2,0,47.8,3.3,0,1,72.5,72.1,3,3.4,55.0,5,5,1,0,0.0
STU0735,8.33,2,1,0,58.9,3.8,1,0,59.5,92.5,0,3.3,66.8,0,4,2,0,0.0
STU0736,7.72,2,4,2,67.5,3.5,0,1,89.7,48.2,0,5.0,38.2,0,3,0,1,10.46
STU0737,7.48,1,2,1,50.3,3.4,0,1,64.5,73.6,0,3.9,61.1,0,3,0,0,0.0
STU0738,8.28,0,3,2,50.7,3.7,0,1,90.4,97.1,0,3.9,45.3,2,1,2,1,10.69
STU0739,9.03,1,5,2,99.7,4.0,1,1,87.6,71.7,1,1.8,53.5,3,5,2,1,15.2
STU0740,8.32,2,0,1,55.1,2.4,1,1,79.4,53.9,1,3.1,67.6,2,5,1,0,0.0
STU0741,5.18,3,0,4,63.2,4.8,1,1,93.9,62.0,1,2.9,36.1,2,2,2,1,10.29
STU0742,5.79,0,3,3,62.5,1.8,1,0,98.8,72.7,2,2.7,50.2,2,6,0,0,0.0
STU0743,6.51,0,1,2,61.7,2.9,1,0,69.9,87.3,3,2.6,75.2,1,4,1,0,0.0
STU0744,7.23,2,1,0,77.3,3.4,0,0,62.3,65.6,0,1.7,39.6,2,3,1,0,0.0
STU0745,7.77,1,0,0,82.2,3.9,0,1,49.6,80.7,3,2.2,97.0,3,0,0,0,0.0
STU0746,6.4,1,0,1,63.4,4.9,0,1,98.9,51.3,0,4.2,86.7,1,3,0,1,11.09
STU0747,7.41,3,3,0,49.5,1.8,0,0,66.7,51.2,1,3.3,56.1,3,4,3,0,0.0
STU0748,6.37,0,1,4,87.1,3.0,0,1,85.6,63.7,0,2.9,50.8,2,1,0,0,0.0
STU0749,6.53,1,2,0,66.6,1.6,0,1,63.1,88.7,2,3.4,68.6,1,3,0,0,0.0
STU0750,5.65,0,3,1,94.0,3.5,0,1,90.5,70.9,0,4.5,38.9,2,10,1,1,11.17
STU0751,6.18,1,2,1,34.3,3.7,0,1,63.6,73.8,1,3.4,29.0,5,5,0,0,0.0
STU0752,5.71,2,0,2,70.9,4.9,1,1,57.7,73.6,3,3.9,56.7,0,4,2,0,0.0
STU0753,6.13,1,3,0,96.8,3.6,1,0,69.5,84.4,1,2.6,62.6,1,4,0,0,0.0
STU0754,8.36,3,0,1,62.7,4.4,1,0,65.6,62.1,1,2.8,66.7,2,0,1,0,0.0
STU0755,6.16,1,3,1,64.6,4.0,0,1,79.2,78.9,0,3.7,53.9,3,8,0,1,12.86
STU0756,10.0,1,4,3,72.4,3.1,1,1,71.4,59.2,0,5.0,87.9,1,7,2,1,15.96
STU0757,7.74,0,2,0,59.6,2.2,0,0,79.5,95.8,3,4.8,38.1,5,4,1,0,0.0
STU0758,7.4,1,2,4,63.3,3.7,0,1,68.5,59.6,1,4.0,44.5,3,1,0,0,0.0
STU0759,6.26,1,2,3,62.9,2.2,0,1,64.0,58.5,0,3.5,73.8,4,2,3,1,12.11
STU0760,7.97,0,2,1,58.6,4.7,1,1,65.0,77.1,0,4.7,44.1,1,2,0,0,0.0
STU0761,6.57,1,4,3,86.4,3.4,1,0,96.5,71.0,0,4.2,43.4,4,4,1,1,12.86
STU0762,7.33,1,4,0,74.9,4.6,0,1,74.7,74.2,0,1.2,67.2,2,2,3,1,12.26
STU0763,10.0,2,2,4,71.8,3.1,0,1,48.2,73.0,0,2.4,46.0,1,4,1,1,14.53
STU0764,7.09,1,3,2,80.1,3.7,1,0,65.8,55.8,0,3.7,62.6,4,4,2,1,13.48
STU0765,8.46,2,4,1,64.0,3.7,0,1,73.2,91.0,0,1.7,52.4,0,0,0,1,12.27
STU0766,6.43,0,5,1,56.4,3.5,0,0,94.1,81.6,0,2.5,49.5,5,5,0,0,0.0
STU0767,7.16,0,2,0,59.0,3.1,0,0,84.3,87.7,0,2.7,27.2,2,2,0,0,0.0
STU0768,9.15,1,2,4,68.0,3.9,1,1,60.9,63.1,0,3.2,67.5,5,6,3,1,13.05
STU0769,6.51,1,1,0,52.1,2.7,0,0,100.0,75.4,0,3.1,42.6,2,3,3,0,0.0
STU0770,9.19,0,5,2,60.5,2.4,0,1,71.6,72.6,2,3.1,62.0,3,3,0,0,0.0
STU0771,7.98,2,1,1,60.3,4.6,0,1,87.0,84.7,0,4.2,55.8,0,0,0,1,12.59
STU0772,6.58,2,2,4,99.9,4.2,1,1,58.1,85.1,2,3.1,61.3,2,9,0,1,13.0
STU0773,7.9,1,1,1,26.4,3.6,1,0,43.2,72.5,3,3.0,62.3,3,4,0,0,0.0
STU0774,8.27,0,1,2,65.3,5.0,0,1,55.1,50.3,0,2.1,68.5,3,3,0,0,0.0
STU0775,7.88,2,2,1,93.9,3.3,1,0,40.0,93.1,0,4.4,51.9,1,1,2,1,14.12
STU0776,5.47,1,5,2,69.8,4.7,1,1,97.3,77.2,0,2.8,87.4,2,4,2,1,13.1
STU0777,6.4,2,0,0,79.3,3.7,1,1,74.6,62.1,0,2.4,31.7,2,2,2,0,0.0
STU0778,6.93,2,2,0,69.5,2.6,1,0,60.9,75.3,0,3.6,60.9,0,9,1,1,12.7
STU0779,7.12,2,0,1,58.0,5.0,1,1,77.4,50.4,0,2.7,80.1,2,8,2,1,14.57
STU0780,7.88,1,1,2,34.4,4.4,1,1,74.3,83.7,1,2.9,73.6,4,5,2,1,13.08
STU0781,7.4,0,2,0,71.1,3.4,0,0,79.5,50.9,0,3.6,47.5,1,9,1,0,0.0
STU0782,5.73,1,2,2,56.4,4.2,1,1,86.5,67.1,3,3.1,50.5,2,1,0,0,0.0
STU0783,7.62,1,1,1,56.0,3.1,1,1,68.5,73.2,0,5.0,46.9,5,2,0,0,0.0
STU0784,7.87,2,2,3,60.5,4.2,1,0,61.4,83.5,2,3.3,75.8,0,2,1,1,13.16
STU0785,7.82,0,0,4,94.2,1.3,1,1,81.9,71.4,0,4.0,51.7,2,1,3,1,12.04
STU0786,8.39,0,2,2,100.0,2.6,1,0,81.6,78.3,0,1.6,69.6,3,9,1,1,13.47
STU0787,8.12,2,5,1,71.3,4.4,1,1,73.2,69.6,0,2.6,69.8,3,1,3,1,14.69
STU0788,7.71,2,4,1,61.0,3.3,1,1,98.1,69.6,3,2.4,100.0,3,6,0,1,12.66
STU0789,7.12,3,2,0,50.3,3.7,1,1,66.7,71.1,0,2.5,70.6,3,5,2,1,13.01
STU0790,5.37,2,2,1,75.0,2.3,1,1,61.2,67.5,1,3.8,50.4,0,3,2,0,0.0
STU0791,7.67,1,4,2,94.7,5.0,1,0,77.0,48.1,2,4.4,38.7,2,0,1,0,0.0
STU0792,7.43,1,0,2,64.3,4.6,1,0,63.9,60.0,1,3.7,60.0,3,0,3,0,0.0
STU0793,7.5,2,4,4,32.3,3.3,1,0,77.9,73.2,0,3.2,62.9,0,2,1,1,9.89
STU0794,5.8,1,4,1,78.1,3.1,1,1,62.0,66.8,3,2.8,25.2,0,3,0,0,0.0
STU0795,6.01,1,0,2,82.8,4.4,0,1,67.2,68.0,2,4.5,52.2,4,3,0,0,0.0
STU0796,8.36,0,1,1,44.2,5.0,0,1,94.7,65.8,0,5.0,70.4,3,4,1,1,10.94
STU0797,7.16,1,5,2,70.6,4.4,1,0,67.1,58.8,0,3.5,55.4,2,5,3,1,13.62
STU0798,7.95,2,2,1,74.8,5.0,1,1,62.4,63.6,3,4.3,82.4,5,3,0,1,13.11
STU0799,7.23,0,0,1,66.9,2.7,0,1,86.0,66.0,3,3.7,36.9,3,2,1,0,0.0
STU0800,7.23,0,1,1,56.1,2.8,0,1,59.4,70.1,0,4.1,77.2,5,5,2,1,11.14
STU0801,8.23,1,2,2,83.2,2.4,1,1,63.7,75.1,2,2.3,81.5,5,3,0,1,15.11
STU0802,6.63,0,3,4,61.9,3.9,1,0,78.9,67.7,0,2.9,82.2,2,2,0,0,0.0
STU0803,7.31,0,3,1,45.7,3.7,1,0,83.3,56.6,0,3.8,36.8,3,5,0,0,0.0
STU0804,6.69,1,5,0,37.3,3.4,1,1,86.6,51.8,0,4.6,70.7,3,7,0,1,11.19
STU0805,6.72,3,1,1,86.9,4.2,0,0,63.0,100.0,0,2.6,53.0,4,7,0,1,13.55
STU0806,6.86,1,2,2,77.2,4.6,0,0,79.2,55.3,1,1.5,39.7,3,1,0,0,0.0
STU0807,7.44,0,2,0,69.3,2.1,0,0,66.4,63.3,0,2.9,57.6,1,4,0,0,0.0
STU0808,6.67,0,2,3,61.4,3.0,1,0,64.7,76.7,0,4.4,48.7,1,1,1,0,0.0
STU0809,8.58,1,1,4,60.1,4.2,0,1,86.4,74.7,0,1.9,81.6,1,8,1,1,13.28
STU0810,6.22,1,5,4,51.9,3.1,1,0,65.4,76.8,0,2.3,74.2,4,2,2,1,12.93
STU0811,6.99,2,4,0,61.5,2.8,1,1,75.3,64.2,3,3.5,44.3,4,2,1,0,0.0
STU0812,6.72,1,2,3,36.2,4.4,1,1,73.9,73.1,2,3.3,52.0,2,6,3,0,0.0
STU0813,8.79,2,3,2,57.0,2.3,1,1,59.2,70.8,0,4.0,58.1,2,8,2,1,12.15
STU0814,7.42,0,1,1,63.3,3.2,0,1,83.6,65.9,2,2.2,63.7,4,4,3,0,0.0
STU0815,8.34,1,2,2,77.1,3.8,1,0,78.7,73.2,0,3.1,83.1,1,1,0,1,14.64
STU0816,5.57,0,3,3,67.4,3.0,0,1,48.2,83.7,1,4.5,77.4,0,3,2,0,0.0
STU0817,7.49,3,2,1,79.9,4.2,0,1,75.3,69.7,3,2.3,65.9,2,5,2,1,14.77
STU0818,8.18,1,5,1,88.2,3.0,1,1,62.7,69.8,0,4.8,60.3,4,4,0,1,15.02
STU0819,7.29,1,3,1,83.9,4.8,0,1,85.2,83.9,1,2.4,33.1,3,1,0,0,0.0
STU0820,8.37,0,2,2,75.1,3.4,1,1,54.7,82.5,0,4.2,88.3,2,2,1,1,14.96
STU0821,6.63,0,3,0,68.2,4.1,1,1,67.7,90.6,0,3.0,57.0,0,6,0,0,0.0
STU0822,8.75,1,1,4,53.3,4.2,0,1,76.3,47.2,0,2.3,93.0,3,4,0,1,13.53
STU0823,9.73,0,2,2,79.1,2.9,0,0,72.7,81.8,3,2.9,68.5,4,5,1,0,0.0
STU0824,6.8,1,2,2,93.2,1.7,1,0,81.2,77.8,0,3.9,100.0,3,3,1,1,14.29
STU0825,6.71,0,2,0,73.1,3.8,1,1,53.8,58.5,3,3.4,75.9,2,4,3,0,0.0
STU0826,8.8,1,3,2,96.8,3.6,1,1,91.8,73.3,2,4.5,39.2,0,9,1,1,13.54
STU0827,8.94,2,2,0,45.1,4.0,1,0,78.3,83.7,0,4.8,53.9,4,3,1,1,13.81
STU0828,6.62,2,3,0,50.7,3.3,1,1,88.3,59.2,0,2.3,62.0,1,4,0,0,0.0
STU0829,6.74,2,2,2,80.8,3.1,1,1,82.5,75.8,1,2.2,49.3,1,2,1,1,11.52
STU0830,6.89,0,2,1,72.0,5.0,0,1,71.9,81.3,0,2.2,58.2,4,1,1,0,0.0
STU0831,5.72,0,4,2,87.7,2.2,1,1,56.6,56.1,0,2.5,40.4,5,5,2,0,0.0
STU0832,6.19,1,1,0,67.8,4.2,1,1,65.2,68.2,3,4.4,65.1,3,6,0,0,0.0
STU0833,6.1,1,1,1,55.0,3.0,1,1,91.1,73.9,1,3.9,69.3,3,4,1,1,11.39
STU0834,6.36,1,2,0,64.8,3.2,1,1,88.6,59.7,0,2.9,46.9,1,2,1,0,0.0
STU0835,7.16,0,1,4,45.0,3.2,1,1,64.6,58.6,1,3.4,99.9,0,2,2,0,0.0
STU0836,7.46,0,0,2,51.1,2.8,0,0,40.0,68.2,0,4.7,66.1,1,7,3,0,0.0
STU0837,8.91,0,3,2,82.6,4.0,1,1,69.4,80.4,0,5.0,50.3,2,2,0,1,12.09
STU0838,6.1,2,2,1,81.1,4.8,1,0,68.5,78.4,3,3.6,35.7,1,5,1,0,0.0
STU0839,8.28,0,2,0,73.4,3.9,1,0,69.0,58.8,2,1.0,66.1,4,2,2,0,0.0
STU0840,6.96,1,5,4,42.2,3.6,0,1,78.3,78.5,0,3.7,60.3,1,7,2,1,11.2
STU0841,7.15,0,2,1,62.6,2.6,0,1,82.5,59.1,0,4.3,79.1,2,7,1,1,10.78
STU0842,7.94,1,4,1,49.6,4.0,1,1,83.9,49.1,1,3.6,62.4,2,0,0,0,0.0
STU0843,5.97,1,1,2,85.6,5.0,1,0,77.3,65.2,0,4.1,43.5,3,5,0,1,11.83
STU0844,7.62,2,2,0,59.2,3.2,0,1,50.4,84.6,0,3.7,95.1,1,2,1,1,14.23
STU0845,7.38,2,4,3,51.7,3.2,1,1,67.9,78.5,0,2.2,72.8,4,2,1,1,14.16
STU0846,7.74,1,2,2,68.4,3.0,0,1,99.6,70.0,1,2.6,60.4,2,3,0,0,0.0
STU0847,7.52,3,3,1,58.4,3.1,1,0,76.5,64.6,0,3.1,68.0,3,4,0,1,13.76
STU0848,9.9,3,2,0,90.3,1.0,1,1,76.4,64.9,0,4.4,73.5,3,3,1,1,17.27
STU0849,6.5,2,0,0,57.0,3.9,0,1,76.3,71.4,0,2.7,39.3,0,4,3,0,0.0
STU0850,6.62,2,2,3,47.0,2.7,1,0,77.0,56.1,0,3.8,67.8,3,2,3,1,13.13
STU0851,6.51,0,2,2,35.7,2.1,1,0,43.4,65.5,0,3.7,56.9,2,0,1,0,0.0
STU0852,6.59,1,4,1,67.5,4.2,0,1,69.1,67.2,0,4.9,74.1,4,4,2,1,12.02
STU0853,6.5,0,1,0,59.6,2.5,1,1,71.5,52.4,0,3.4,51.7,4,4,0,0,0.0
STU0854,8.51,0,5,2,46.6,3.2,1,1,87.4,59.1,2,1.7,54.1,1,4,1,0,0.0
STU0855,8.76,3,5,2,85.8,4.8,1,1,72.6,75.3,0,4.0,94.9,0,4,0,1,17.79
STU0856,6.57,1,1,1,78.0,2.2,0,1,52.2,70.1,0,5.0,87.2,1,6,2,1,13.42
STU0857,6.28,2,2,1,67.6,2.1,0,1,77.2,66.0,3,4.1,10.0,5,3,3,0,0.0
STU0858,7.72,2,4,1,88.5,3.7,1,0,62.4,58.2,1,2.7,85.8,0,0,2,1,14.13
STU0859,6.59,2,5,2,77.9,4.5,0,0,57.4,90.5,1,2.4,63.7,3,4,1,1,12.7
STU0860,7.9,3,2,4,55.7,2.1,1,1,62.0,59.1,0,2.5,52.3,3,4,2,1,12.58
STU0861,7.42,0,2,0,52.4,3.9,0,0,78.5,73.3,0,5.0,46.9,3,4,3,0,0.0
STU0862,5.53,0,2,2,80.3,4.0,1,1,87.1,63.7,1,3.1,47.9,1,4,0,0,0.0
STU0863,8.9,1,3,1,73.9,1.6,1,1,77.8,70.5,1,2.8,52.8,1,3,2,0,0.0
STU0864,9.18,0,1,1,70.5,4.2,1,1,79.6,75.9,0,3.2,44.7,2,1,0,0,0.0
STU0865,6.53,0,3,1,55.3,4.3,1,1,77.7,52.2,0,3.1,40.6,0,4,2,1,10.45
STU0866,6.77,1,0,3,77.1,3.2,1,1,73.2,69.9,2,4.9,46.3,0,2,0,0,0.0
STU0867,7.51,2,0,1,56.7,4.6,1,1,80.4,85.5,0,2.4,70.8,0,3,0,1,13.11
STU0868,7.57,1,2,2,66.5,4.5,0,0,43.0,92.9,0,4.5,65.9,2,3,2,1,12.64
STU0869,7.92,1,2,1,89.7,3.6,1,0,73.3,68.3,0,3.5,75.0,2,3,0,0,0.0
STU0870,9.41,1,2,0,58.1,3.1,1,1,59.5,70.5,2,4.5,63.8,1,4,0,1,13.84
STU0871,7.01,0,2,0,44.4,2.6,0,0,86.0,98.7,2,4.9,41.5,1,0,1,0,0.0
STU0872,6.32,0,2,2,52.2,3.5,0,1,70.2,84.8,1,3.5,73.9,1,9,2,1,10.06
STU0873,5.68,2,1,0,82.9,4.0,0,1,72.4,62.0,0,3.1,46.9,2,5,0,1,13.83
STU0874,6.4,1,2,2,71.8,3.2,0,1,53.9,62.0,0,3.5,76.6,1,3,2,1,11.27
STU0875,7.16,2,5,1,66.1,1.5,1,0,84.2,82.4,0,3.3,44.0,3,2,2,1,12.16
STU0876,9.17,0,2,1,60.4,4.6,1,1,79.5,56.9,1,1.8,52.6,0,1,1,0,0.0
STU0877,6.63,2,2,1,75.3,3.7,1,0,78.7,84.1,1,4.9,58.5,5,4,1,1,13.06
STU0878,7.45,1,2,1,55.3,3.2,1,1,62.2,74.3,3,3.6,77.1,0,3,0,0,0.0
STU0879,7.18,1,5,0,72.6,4.3,0,0,62.7,76.7,0,2.3,68.2,5,2,0,0,0.0
STU0880,8.51,1,1,1,57.0,4.9,0,1,74.7,66.7,1,1.4,65.4,4,3,0,1,14.06
STU0881,9.98,2,3,2,54.5,1.0,1,0,63.7,61.8,0,1.2,98.9,3,4,0,0,0.0
STU0882,6.62,1,3,2,58.4,3.9,0,0,77.2,89.0,0,4.1,31.9,4,4,0,1,10.5
STU0883,6.66,1,3,1,62.4,2.2,0,1,46.1,66.8,0,2.8,46.3,0,4,0,0,0.0
STU0884,8.35,3,0,1,67.3,3.9,1,0,66.1,64.7,0,3.0,45.5,1,6,2,1,14.82
STU0885,7.95,2,3,0,71.5,3.6,1,1,93.6,69.0,3,3.9,33.1,1,2,1,0,0.0
STU0886,9.23,1,0,1,20.0,4.1,0,0,77.3,72.5,0,2.9,52.0,1,4,3,0,0.0
STU0887,7.84,2,2,0,55.9,3.1,1,0,74.0,56.6,3,3.9,77.4,1,1,0,0,0.0
STU0888,6.8,1,3,3,62.1,1.8,1,1,95.8,62.7,0,3.5,54.4,2,4,0,0,0.0
STU0889,7.85,0,1,1,90.6,3.1,0,0,44.0,62.0,0,3.3,59.0,0,4,1,1,13.64
STU0890,8.42,1,4,1,51.8,3.9,1,1,62.2,81.0,0,1.9,34.0,2,2,0,1,11.03
STU0891,8.1,3,0,1,70.4,4.4,0,1,67.2,58.5,0,2.6,50.7,1,3,2,1,13.72
STU0892,7.76,3,4,0,90.4,2.4,1,0,82.3,47.2,0,4.0,56.7,3,6,1,1,14.41
STU0893,8.37,1,2,2,48.3,4.4,1,0,82.5,44.4,0,2.8,76.6,5,1,1,1,13.86
STU0894,8.49,1,1,0,73.9,2.9,1,0,61.6,50.9,0,4.5,34.9,2,3,0,0,0.0
STU0895,8.72,0,1,0,56.0,3.8,0,1,84.0,87.7,3,5.0,56.8,2,7,0,0,0.0
STU0896,7.91,3,5,2,60.4,3.0,0,1,67.2,70.2,1,4.0,84.6,2,4,1,1,14.13
STU0897,7.02,3,0,1,56.0,3.7,0,1,86.5,76.5,1,4.8,57.0,3,5,0,1,13.58
STU0898,7.36,1,1,2,57.0,4.3,1,1,59.6,77.0,0,4.1,26.9,0,6,0,0,0.0
STU0899,8.53,2,2,2,100.0,2.4,0,0,70.5,70.7,0,2.9,88.0,5,2,1,1,15.7
STU0900,6.3,2,3,1,80.7,2.9,1,1,66.1,69.0,0,3.6,78.2,2,2,0,1,15.03
STU0901,7.61,1,2,2,84.5,3.7,0,1,84.7,83.6,2,5.0,80.6,1,5,2,1,13.27
STU0902,6.77,0,1,0,75.4,5.0,1,1,65.7,71.9,0,2.9,33.6,5,5,0,0,0.0
STU0903,7.23,1,1,2,43.9,2.7,0,1,71.5,88.2,0,2.4,92.2,5,1,0,1,13.03
STU0904,8.61,1,1,1,73.9,5.0,1,1,78.1,78.1,0,2.3,51.1,3,3,0,1,12.93
STU0905,7.41,1,1,1,84.1,5.0,0,1,78.5,62.0,0,3.2,55.8,0,3,0,1,13.43
STU0906,7.25,1,2,2,55.2,3.4,0,0,82.6,63.5,2,2.4,52.4,3,6,0,0,0.0
STU0907,5.7,3,3,3,82.5,3.2,1,0,74.5,60.5,0,5.0,82.0,1,3,0,1,13.88
STU0908,8.02,0,1,4,78.6,2.9,1,0,67.0,85.8,0,3.6,61.8,2,7,0,1,13.19
STU0909,7.91,1,2,2,95.8,3.4,0,1,67.8,64.7,1,4.3,73.7,1,10,0,1,14.37
STU0910,9.58,1,2,1,61.7,2.2,0,0,72.3,59.6,0,3.1,66.4,2,5,2,1,14.35
STU0911,6.86,1,5,1,51.5,3.4,1,0,75.0,74.2,0,2.3,63.3,3,4,2,1,11.39
STU0912,7.44,1,5,1,62.6,4.8,0,1,70.2,68.7,0,2.2,48.0,1,3,0,1,11.66
STU0913,7.47,0,4,1,89.5,3.0,1,0,72.2,73.8,1,2.5,97.6,5,1,0,1,14.01
STU0914,8.94,0,1,1,40.6,3.3,1,0,53.8,94.6,3,3.7,38.7,1,4,1,0,0.0
STU0915,7.1,1,0,4,37.0,2.0,0,0,80.0,81.9,1,3.9,72.4,0,3,2,0,0.0
STU0916,7.51,1,2,1,69.3,3.8,1,1,74.2,70.4,2,4.0,71.8,3,3,3,1,12.2
STU0917,7.87,0,1,1,61.4,3.7,1,0,84.0,51.7,0,2.0,85.8,4,4,0,0,0.0
STU0918,7.41,2,2,1,68.1,3.6,1,1,72.0,63.5,0,3.4,90.0,5,3,1,1,14.09
STU0919,6.71,1,3,3,82.2,3.3,0,1,51.1,79.2,0,2.4,62.5,3,5,2,1,12.36
STU0920,7.41,1,4,2,59.7,3.2,1,1,67.7,54.8,1,3.8,74.5,1,3,2,1,13.2
STU0921,8.38,2,4,2,39.9,4.0,0,0,69.6,97.8,0,3.9,96.8,5,2,0,1,12.9
STU0922,6.07,0,2,1,98.7,3.5,1,1,80.9,70.2,1,2.3,63.8,4,3,1,1,10.82
STU0923,7.35,0,3,3,53.0,3.8,1,1,47.2,70.6,1,4.3,45.8,1,8,0,0,0.0
STU0924,6.43,2,2,0,52.1,3.7,0,1,72.5,61.3,3,5.0,58.1,2,5,0,0,0.0
STU0925,8.51,1,0,3,84.6,4.5,1,0,78.2,76.5,0,4.2,41.5,2,2,1,1,13.32
STU0926,5.52,1,3,2,62.2,4.1,1,0,64.1,54.9,0,3.2,71.7,2,3,0,1,11.71
STU0927,6.59,2,0,1,67.0,3.7,1,1,72.9,98.1,0,3.1,84.2,5,7,2,1,13.27
STU0928,7.61,2,2,1,75.2,4.9,1,1,64.5,87.1,0,3.2,62.8,0,1,2,1,12.09
STU0929,8.92,3,2,2,84.3,3.9,0,1,63.2,82.8,2,2.7,35.8,3,2,2,1,14.32
STU0930,7.13,1,3,0,63.0,4.7,0,1,67.1,51.9,0,3.6,83.4,1,2,0,0,0.0
STU0931,6.59,1,3,3,90.8,4.0,0,1,63.5,72.7,3,2.3,33.0,2,4,0,0,0.0
STU0932,9.27,1,2,1,36.0,1.8,0,1,80.2,85.7,3,1.6,37.2,3,3,0,0,0.0
STU0933,5.61,0,4,1,79.4,4.7,1,1,63.2,77.7,0,3.6,61.8,1,1,1,1,10.54
STU0934,4.78,1,1,0,55.4,3.6,1,1,61.2,57.0,0,3.4,69.5,2,4,1,0,0.0
STU0935,7.68,0,2,1,88.6,3.5,1,1,93.2,61.5,0,2.9,72.6,5,1,0,1,11.73
STU0936,6.65,3,3,1,70.1,3.8,1,0,83.5,64.1,0,2.2,63.8,3,4,1,1,13.87
STU0937,6.08,1,3,1,57.9,3.2,1,0,49.7,62.2,0,3.7,96.7,2,4,1,0,0.0
STU0938,7.98,1,5,2,77.9,3.7,1,1,62.8,89.9,0,2.5,66.2,1,3,0,1,13.18
STU0939,7.47,1,1,1,81.4,3.0,1,1,74.9,45.0,0,3.3,83.6,2,1,1,1,12.56
STU0940,6.58,0,3,4,77.6,4.6,0,1,75.9,78.5,1,5.0,79.2,3,4,1,1,11.79
STU0941,5.79,0,3,2,52.6,3.4,1,1,54.1,53.2,0,4.0,41.7,4,3,2,0,0.0
STU0942,8.16,1,4,3,60.7,3.2,0,1,85.9,57.5,0,2.1,61.9,1,3,1,0,0.0
STU0943,7.92,0,1,0,67.9,2.7,0,1,81.9,43.9,0,2.2,100.0,3,4,0,0,0.0
STU0944,7.09,1,3,1,67.4,3.7,0,1,77.8,62.9,3,3.5,55.9,0,4,1,0,0.0
STU0945,9.23,2,2,1,79.2,3.7,1,0,88.3,89.6,1,2.1,52.9,0,0,2,1,14.84
STU0946,6.02,2,1,2,37.8,3.8,1,1,77.4,73.4,0,1.5,68.1,2,1,0,0,0.0
STU0947,5.52,1,2,3,73.0,2.6,1,1,77.4,54.4,1,3.9,56.6,1,2,2,0,0.0
STU0948,6.44,0,2,0,63.7,2.1,1,1,90.7,83.2,1,3.7,50.7,0,4,0,0,0.0
STU0949,7.15,2,2,0,55.4,4.1,0,0,85.2,86.0,2,3.8,56.3,3,4,1,0,0.0
STU0950,7.47,2,4,3,56.9,4.8,1,0,61.9,71.4,0,3.6,90.8,2,5,3,1,13.62
STU0951,6.93,0,2,1,64.8,2.6,1,1,79.6,96.5,2,3.3,62.5,3,5,1,1,12.69
STU0952,7.59,2,3,2,20.0,4.9,0,1,64.0,80.7,0,2.8,41.1,3,6,1,0,0.0
STU0953,5.82,0,2,2,57.5,3.8,1,1,78.0,78.9,3,3.9,37.8,3,3,0,0,0.0
STU0954,8.79,2,0,3,54.9,3.5,0,1,77.7,59.6,0,4.9,100.0,1,3,0,1,14.94
STU0955,7.11,3,1,0,76.0,3.1,1,1,55.4,78.2,3,2.9,61.0,1,6,1,0,0.0
STU0956,8.43,0,2,0,55.9,2.3,0,1,70.5,72.8,3,2.4,72.8,3,2,1,0,0.0
STU0957,7.58,2,2,2,64.8,4.4,0,0,75.2,76.8,0,2.3,51.1,1,3,0,0,0.0
STU0958,7.7,1,1,4,91.1,2.8,1,1,66.8,61.1,3,2.6,70.8,4,2,3,0,0.0
STU0959,7.83,3,2,1,82.9,2.8,0,1,75.8,71.7,0,3.6,91.3,2,7,0,1,14.09
STU0960,7.69,1,2,1,81.5,4.4,0,1,81.7,59.4,0,1.4,53.3,1,3,1,1,11.8
STU0961,7.91,2,1,2,60.5,1.8,1,1,71.6,42.1,0,3.8,73.3,3,2,1,1,13.0
STU0962,8.66,0,2,4,76.1,2.1,0,1,74.7,83.0,3,4.0,39.7,5,4,1,1,12.71
STU0963,7.42,1,1,3,64.5,3.5,1,1,88.6,50.5,0,1.7,100.0,0,2,1,1,14.23
STU0964,7.98,0,4,4,65.1,3.8,1,0,77.7,71.4,0,2.5,69.8,0,8,0,1,11.23
STU0965,7.1,3,4,0,74.1,3.9,1,1,74.4,74.3,1,3.5,57.6,4,3,3,1,13.97
STU0966,8.78,2,3,0,59.0,3.2,1,0,60.5,74.2,3,3.3,59.6,0,4,1,0,0.0
STU0967,6.46,2,1,2,90.4,5.0,0,0,80.1,66.3,1,3.9,55.8,0,3,1,0,0.0
STU0968,9.18,3,3,3,65.6,3.3,0,1,76.0,73.5,0,3.3,56.7,1,5,1,1,14.8
STU0969,7.16,0,4,1,77.3,3.3,1,0,87.4,76.1,0,4.6,20.9,2,6,0,0,0.0
STU0970,5.63,1,3,1,89.8,2.8,1,1,72.6,79.6,0,3.1,63.2,2,5,2,1,12.61
STU0971,7.34,0,1,3,83.5,3.6,0,1,50.2,92.5,1,2.5,62.5,2,6,1,0,0.0
STU0972,6.45,0,3,0,46.9,4.1,1,0,51.6,73.0,0,2.4,73.8,4,1,1,0,0.0
STU0973,8.12,0,4,1,74.7,4.6,1,1,80.8,70.8,0,4.1,55.6,3,7,2,1,13.21
STU0974,6.48,1,2,2,80.8,2.2,1,1,65.2,58.2,2,3.4,51.1,5,4,2,1,12.86
STU0975,6.71,0,3,2,81.4,3.3,1,1,77.2,75.7,0,4.0,64.9,2,6,0,1,12.76
STU0976,5.12,0,2,2,51.3,3.9,0,1,73.4,78.7,0,4.0,36.0,0,4,2,0,0.0
STU0977,6.7,0,2,1,58.1,4.0,1,0,70.0,67.5,0,1.5,67.6,5,2,0,0,0.0
STU0978,4.53,0,0,2,82.9,3.5,0,1,70.8,77.1,0,2.3,31.5,0,4,1,0,0.0
STU0979,5.46,3,3,2,56.6,4.0,1,1,61.6,66.2,0,2.4,85.2,3,1,0,1,11.62
STU0980,8.04,2,0,2,63.5,2.8,1,1,71.8,78.7,0,2.6,77.3,0,4,0,1,14.24
STU0981,8.06,3,2,2,91.6,4.9,1,1,65.0,81.9,2,3.0,48.3,3,3,0,1,15.0
STU0982,7.67,1,1,1,67.3,4.4,0,1,67.5,81.7,0,4.3,76.9,5,2,0,1,12.73
STU0983,6.14,0,2,0,57.1,2.3,1,1,68.1,71.5,0,4.5,67.0,2,9,0,0,0.0
STU0984,7.15,2,1,0,54.8,2.5,1,1,69.3,56.5,1,3.1,46.8,1,7,1,0,0.0
STU0985,7.2,1,3,1,73.0,2.6,1,1,83.1,62.0,1,3.2,28.6,1,6,0,0,0.0
STU0986,5.93,0,3,2,48.0,4.1,1,0,70.4,77.7,1,2.7,70.7,2,5,2,0,0.0
STU0987,8.85,0,1,3,64.3,2.3,0,0,84.3,100.0,3,3.5,50.7,1,4,0,0,0.0
STU0988,8.17,0,1,2,73.0,3.2,1,0,90.5,65.6,1,3.6,84.7,3,4,0,0,0.0
STU0989,6.96,0,1,3,87.5,3.9,1,1,82.3,75.9,0,4.2,65.3,2,1,1,1,13.72
STU0990,7.23,1,4,1,78.0,3.4,1,1,78.4,62.8,2,4.2,52.4,1,7,0,1,11.9
STU0991,7.43,1,2,1,57.3,3.7,0,0,75.9,57.3,0,1.2,97.4,2,6,0,1,14.03
STU0992,4.95,0,2,1,85.7,2.5,0,1,82.4,61.2,0,3.3,75.4,2,5,3,1,10.74
STU0993,6.93,0,1,0,63.5,4.0,1,1,73.1,42.9,0,4.7,10.0,0,7,0,0,0.0
STU0994,6.45,2,3,0,49.5,2.9,1,1,83.8,87.6,0,3.0,56.2,3,4,2,1,11.3
STU0995,6.1,0,4,2,65.4,3.2,0,0,79.4,41.0,0,4.5,40.1,4,3,0,0,0.0
STU0996,6.89,1,4,4,89.6,3.7,0,1,67.7,66.6,0,3.1,50.6,1,8,2,1,11.65
STU0997,9.18,2,3,0,70.5,3.6,1,1,82.8,54.7,0,3.6,62.4,1,3,0,1,15.76
STU0998,7.9,0,0,0,68.2,3.5,0,1,73.1,58.5,2,2.3,71.4,3,4,3,0,0.0
STU0999,6.57,0,1,3,92.6,2.8,1,1,70.7,87.9,3,2.4,69.7,1,3,0,0,0.0
STU1000,7.83,1,0,1,46.5,3.2,1,1,66.3,72.6,0,4.1,84.4,0,4,0,1,11.79
STU1001,8.74,1,1,3,48.7,3.5,1,1,74.0,57.4,2,4.2,76.5,3,5,1,0,0.0
STU1002,8.22,1,1,2,43.8,2.3,0,1,84.0,62.3,0,3.4,75.3,1,4,1,1,13.48
STU1003,7.27,2,1,4,73.6,3.1,1,0,82.7,60.0,2,2.2,68.6,1,4,0,0,0.0
STU1004,6.49,0,2,1,70.5,3.8,0,0,76.2,69.4,0,3.4,88.2,5,3,0,0,0.0
STU1005,7.97,1,4,2,91.1,2.4,1,0,79.2,72.2,0,4.6,59.3,1,4,2,1,12.62
STU1006,7.63,1,3,1,71.7,4.5,0,1,87.3,94.6,0,5.0,59.8,4,7,0,1,12.71
STU1007,8.18,0,4,2,61.9,4.6,1,1,70.2,45.1,0,3.1,30.7,1,0,1,1,10.21
STU1008,7.9,1,3,1,68.0,2.4,1,1,58.6,69.5,0,1.8,84.0,4,1,1,1,13.42
STU1009,8.35,0,1,0,69.8,4.7,1,1,87.6,65.9,0,4.2,63.6,2,1,1,0,0.0
STU1010,6.61,1,3,2,42.9,3.4,1,1,65.6,82.3,0,3.1,100.0,0,7,0,1,12.37
STU1011,8.65,0,1,2,100.0,3.9,1,1,63.7,74.6,0,4.3,57.7,3,4,1,1,14.42
STU1012,7.42,1,3,3,75.8,3.1,1,0,50.4,77.7,0,3.7,66.6,4,8,0,1,13.17
STU1013,9.48,1,2,2,71.2,4.3,1,0,78.9,74.5,3,2.6,74.8,1,4,0,0,0.0
STU1014,6.44,2,5,2,77.2,3.9,1,1,52.5,57.9,0,3.5,45.2,3,3,1,1,12.22
STU1015,9.11,0,1,0,78.6,2.8,0,1,63.0,85.7,0,4.6,71.5,2,5,3,1,13.41
STU1016,7.42,1,1,2,65.9,2.5,1,1,79.1,80.4,1,3.3,65.6,3,2,0,0,0.0
STU1017,6.48,1,4,2,58.5,2.2,0,1,80.7,81.9,2,2.4,59.5,3,3,0,0,0.0
STU1018,6.67,2,0,3,77.0,3.7,0,1,64.2,86.4,0,1.9,86.1,0,3,1,1,13.61
STU1019,6.85,1,3,4,73.8,4.0,0,1,70.4,75.4,2,2.7,48.7,1,2,0,0,0.0
STU1020,7.67,1,3,0,55.9,4.1,0,1,61.5,89.3,0,3.0,69.9,2,3,1,1,11.61
STU1021,7.78,2,4,3,89.3,3.4,1,0,65.4,74.9,0,4.2,91.2,5,1,3,1,16.12
STU1022,6.57,2,5,0,72.4,2.5,1,1,75.2,67.2,0,2.3,52.3,1,2,3,1,12.21
STU1023,7.17,1,5,1,78.9,2.9,1,1,66.0,69.9,1,4.9,59.7,3,3,0,1,12.85
STU1024,9.56,1,0,2,88.9,4.5,1,1,69.1,69.7,0,2.1,100.0,0,5,1,1,15.76
STU1025,9.1,2,4,0,68.3,3.1,1,0,54.4,63.2,1,5.0,73.5,3,2,3,1,14.92
STU1026,7.68,3,3,2,72.8,3.6,1,1,85.6,91.2,0,5.0,55.9,3,3,0,1,13.97
STU1027,7.24,2,3,0,80.2,2.5,0,0,78.1,73.9,1,3.5,79.4,3,1,1,0,0.0
STU1028,7.33,1,1,0,57.1,3.8,1,1,81.5,71.2,0,1.8,54.8,4,4,0,1,12.99
STU1029,7.87,0,3,2,68.8,3.1,1,0,87.5,75.0,0,3.3,36.8,0,4,0,1,9.02
STU1030,6.07,1,5,2,69.9,4.4,1,0,62.1,100.0,0,3.0,89.7,1,6,3,1,13.62
STU1031,6.92,2,4,4,53.7,4.2,1,1,67.7,55.3,1,2.2,45.1,5,5,2,1,12.39
STU1032,5.36,1,2,2,100.0,3.1,1,0,49.3,59.0,0,3.7,100.0,1,2,0,1,12.25
STU1033,7.64,1,0,2,46.9,3.4,0,0,100.0,52.1,2,2.6,56.2,3,1,2,0,0.0
STU1034,7.91,2,2,1,48.5,3.0,0,0,70.2,67.0,1,2.7,100.0,3,2,1,0,0.0
STU1035,6.67,1,4,0,87.7,2.2,1,0,84.5,73.2,0,3.2,40.4,3,8,2,1,12.67
STU1036,8.93,2,3,0,78.7,2.7,1,1,57.1,64.0,3,2.9,83.5,1,4,0,0,0.0
STU1037,5.85,1,2,2,52.6,3.7,1,1,84.0,63.0,1,5.0,74.0,1,0,0,0,0.0
STU1038,5.59,1,0,2,77.1,3.8,0,1,94.3,71.9,0,2.9,80.1,3,1,0,1,13.15
STU1039,7.45,1,2,1,90.0,3.6,0,1,71.3,63.5,0,3.8,82.4,1,3,1,1,13.58
STU1040,8.35,2,2,2,67.5,3.2,1,1,59.9,74.0,0,3.5,56.0,3,2,0,1,13.74
STU1041,9.05,0,4,2,100.0,4.3,1,1,70.3,84.5,0,3.7,41.4,2,5,0,1,13.39
STU1042,6.7,0,3,0,42.1,3.6,1,1,45.3,78.8,0,3.8,64.1,2,4,3,1,11.34
STU1043,8.39,3,2,0,78.4,4.1,0,1,71.5,81.5,0,4.2,69.0,1,4,3,1,14.49
STU1044,7.16,0,2,3,85.5,1.9,0,1,81.9,84.1,1,3.7,56.5,5,3,1,0,0.0
STU1045,7.01,1,0,2,81.4,1.0,1,1,71.6,73.7,0,3.6,70.0,2,2,2,1,13.03
STU1046,8.17,1,5,3,64.9,3.8,0,0,68.6,67.9,2,3.5,70.9,2,4,3,1,12.05
STU1047,7.92,1,2,0,63.6,2.2,1,0,78.3,60.0,0,3.3,48.6,5,5,1,1,12.14
STU1048,5.47,1,2,4,74.7,3.3,1,1,79.2,64.9,0,2.5,72.1,3,3,1,1,12.22
STU1049,8.82,0,2,1,80.2,3.2,0,1,52.1,63.2,1,3.3,60.2,5,4,2,1,14.0
STU1050,8.72,1,3,0,77.0,4.9,1,0,73.1,79.5,1,3.6,52.4,0,6,1,0,0.0
STU1051,6.51,1,3,4,83.6,3.9,1,1,100.0,74.5,0,3.8,79.2,4,1,0,1,11.98
STU1052,7.64,1,3,1,52.7,3.6,0,1,56.0,79.1,0,3.6,51.0,1,4,0,1,12.8
STU1053,7.74,0,1,2,64.6,4.3,0,1,71.0,54.9,0,3.2,56.8,4,3,1,1,13.08
STU1054,7.49,1,2,0,53.9,3.8,1,0,95.3,88.6,0,3.3,66.3,4,5,3,1,12.23
STU1055,6.59,0,1,2,62.2,3.1,1,0,85.3,64.4,0,2.9,89.7,1,0,1,0,0.0
STU1056,6.46,0,3,4,83.2,4.5,1,1,65.8,55.7,1,3.7,68.5,2,4,2,1,11.83
STU1057,7.17,0,0,1,69.6,2.5,1,1,74.5,64.3,0,3.2,74.5,3,1,2,1,12.16
STU1058,8.49,0,2,2,100.0,3.8,1,0,72.0,100.0,0,3.6,59.6,0,1,0,1,14.1
STU1059,7.8,2,4,0,70.9,2.1,1,1,63.0,65.0,0,4.4,63.6,3,5,2,1,13.18
STU1060,6.79,0,4,2,68.9,3.7,1,1,71.1,65.8,0,2.7,64.1,0,4,0,1,11.07
STU1061,8.05,3,2,1,69.6,3.7,1,1,68.6,67.5,0,4.0,70.3,4,6,1,1,15.04
STU1062,4.07,3,2,1,58.4,5.0,0,1,73.4,68.1,0,3.4,59.7,1,4,2,1,11.27
STU1063,8.46,1,0,1,67.1,2.1,1,1,63.0,59.8,0,5.0,89.1,2,4,1,1,13.09
STU1064,5.29,0,3,0,84.9,3.0,1,1,56.7,71.9,1,3.2,58.3,0,5,2,0,0.0
STU1065,6.8,1,4,4,69.7,4.2,1,0,71.5,84.0,0,4.1,34.3,1,3,0,1,11.53
STU1066,5.97,2,1,1,56.1,3.8,1,0,92.6,74.1,3,3.4,100.0,2,0,2,0,0.0
STU1067,5.78,1,2,1,54.1,3.7,0,0,73.0,55.6,0,2.1,59.1,2,2,0,0,0.0
STU1068,8.48,0,4,1,61.2,2.6,1,0,68.0,65.5,0,2.9,88.6,0,2,1,0,0.0
STU1069,6.69,1,4,1,69.1,3.0,0,1,81.0,62.8,1,4.2,90.3,4,3,1,1,12.81
STU1070,7.58,2,1,2,85.9,4.6,1,1,70.1,70.7,2,3.0,82.0,0,8,1,1,14.38
STU1071,7.15,2,2,4,47.9,3.5,1,1,94.4,87.3,0,1.3,61.4,3,5,0,1,12.4
STU1072,7.72,0,1,1,63.2,3.8,1,1,72.0,68.1,1,3.4,70.2,2,7,0,0,0.0
STU1073,7.28,1,1,3,70.2,3.4,1,1,80.4,68.9,2,2.4,42.1,2,10,1,0,0.0
STU1074,5.79,0,4,2,40.5,2.4,1,0,62.9,93.1,1,3.5,100.0,1,3,1,0,0.0
STU1075,8.3,0,4,0,55.5,4.3,0,0,78.0,81.4,0,4.9,49.7,3,2,1,0,0.0
STU1076,6.66,2,3,2,57.8,4.0,1,0,75.3,77.5,2,4.1,60.4,2,4,1,0,0.0
STU1077,5.49,0,0,2,56.1,5.0,1,1,71.3,95.5,1,4.9,66.8,1,6,3,1,11.16
STU1078,6.73,0,4,2,70.9,2.6,1,0,66.0,76.4,1,2.9,63.1,1,3,3,0,0.0
STU1079,8.85,0,2,3,65.6,4.2,0,1,64.3,44.2,1,3.3,53.2,0,4,0,1,13.23
STU1080,8.14,2,2,1,59.7,2.3,1,1,75.4,80.8,3,2.4,90.1,0,1,0,0,0.0
STU1081,6.82,2,2,4,74.4,3.6,0,0,79.5,49.3,0,2.8,82.1,0,3,1,1,13.18
STU1082,6.82,1,0,3,93.8,4.4,1,0,70.5,75.9,0,2.5,70.8,1,3,0,1,12.96
STU1083,6.85,2,3,1,92.6,1.6,0,1,75.4,47.7,0,2.2,57.8,3,3,0,1,13.91
STU1084,9.48,0,2,2,39.2,3.3,1,1,71.5,63.9,0,4.7,84.2,1,6,0,1,13.54
STU1085,7.62,1,1,1,76.7,3.0,1,1,73.2,65.3,0,1.4,56.6,1,1,0,0,0.0
STU1086,7.67,1,1,4,65.3,2.9,0,0,69.6,60.0,0,4.7,93.3,0,9,1,1,13.34
STU1087,8.33,0,1,2,70.3,3.8,1,1,72.2,65.5,0,4.6,67.0,2,0,0,0,0.0
STU1088,7.46,1,0,0,62.0,4.5,1,0,100.0,83.4,1,3.9,87.1,1,8,0,1,12.53
STU1089,6.92,3,2,1,69.8,3.4,0,1,75.7,60.7,2,2.3,63.0,3,4,2,1,12.88
STU1090,6.98,0,4,2,70.3,3.7,1,1,79.7,77.1,0,1.9,66.3,3,5,2,1,12.66
STU1091,7.12,0,0,0,59.3,3.6,0,1,77.3,57.4,2,2.9,87.1,2,2,2,0,0.0
STU1092,7.16,0,0,0,54.6,3.5,0,1,68.8,67.5,0,4.0,100.0,1,4,0,0,0.0
STU1093,8.0,0,2,1,61.3,2.5,0,1,87.5,74.2,2,3.4,93.1,2,6,0,0,0.0
STU1094,7.26,3,4,1,71.5,4.5,1,0,68.5,57.0,2,2.4,80.8,1,1,0,0,0.0
STU1095,8.01,1,2,1,77.0,3.8,1,0,84.7,52.9,0,4.5,75.6,4,1,0,1,13.99
STU1096,7.11,1,2,1,80.8,3.9,1,1,68.0,76.4,0,5.0,55.9,3,3,0,1,11.91
STU1097,7.29,2,2,0,60.6,2.8,1,1,60.5,84.6,0,3.2,70.3,2,2,2,1,12.66
STU1098,5.0,0,1,2,72.3,3.1,0,1,76.4,69.0,2,3.5,48.6,5,1,3,0,0.0
STU1099,8.21,1,0,2,82.4,3.3,1,0,58.7,64.1,2,2.0,71.8,2,4,2,0,0.0
STU1100,7.58,1,3,1,85.5,2.1,0,1,78.4,72.0,0,3.0,72.9,1,2,2,1,13.73
STU1101,8.3,1,3,1,67.1,2.0,1,0,57.7,70.7,0,3.9,29.7,0,4,1,0,0.0
STU1102,4.01,3,2,2,64.7,3.0,0,0,68.2,73.2,0,3.7,65.7,2,6,2,1,10.76
STU1103,9.5,2,3,0,70.9,4.0,0,0,54.8,40.0,0,2.9,72.5,4,4,3,1,15.62
STU1104,7.05,1,3,0,50.8,2.9,1,1,100.0,56.1,3,3.1,63.5,4,1,1,0,0.0
STU1105,8.42,2,1,0,65.1,2.6,1,1,52.2,59.0,0,3.0,71.4,3,4,0,1,13.38
STU1106,6.06,0,2,3,79.2,2.8,0,1,72.1,72.0,3,3.1,40.8,2,3,0,0,0.0
STU1107,7.87,0,1,3,77.6,3.1,1,1,85.7,72.4,2,3.8,51.0,3,3,1,0,0.0
STU1108,6.04,0,1,3,63.9,3.2,0,0,84.4,78.3,3,1.5,83.6,3,3,0,0,0.0
STU1109,6.51,1,3,2,71.3,5.0,1,1,82.2,73.3,0,3.3,65.0,2,7,3,1,11.11
STU1110,9.31,1,4,2,55.6,4.4,1,0,68.2,53.1,0,3.7,71.1,2,5,1,1,14.01
STU1111,6.99,1,5,1,78.6,4.4,0,1,88.2,88.8,0,2.9,55.2,3,1,1,1,12.52
STU1112,7.44,3,3,2,66.8,4.6,0,1,83.0,86.5,1,2.9,65.4,4,3,0,1,14.84
STU1113,8.16,1,1,0,63.9,2.6,0,1,74.5,53.6,1,3.0,23.6,3,3,1,0,0.0
STU1114,7.75,1,1,2,62.6,2.4,0,1,74.9,74.3,0,2.9,80.2,0,9,1,1,12.48
STU1115,7.37,0,4,3,67.1,2.5,0,1,68.4,62.3,1,3.4,97.5,0,9,2,1,11.53
STU1116,7.6,0,2,2,61.3,4.7,1,0,61.1,71.8,0,3.5,45.8,4,3,0,0,0.0
STU1117,9.84,1,3,1,77.9,3.0,1,1,86.8,83.7,0,1.4,48.1,4,3,3,1,12.92
STU1118,7.14,1,3,1,62.1,2.4,0,0,87.7,97.7,0,4.0,72.9,2,4,1,1,12.13
STU1119,7.42,2,3,2,91.9,3.1,1,0,61.4,79.8,0,3.1,91.5,2,3,1,1,16.21
STU1120,8.36,0,4,2,90.0,3.3,1,1,70.2,73.8,0,5.0,65.0,4,2,3,1,14.05
STU1121,8.42,0,0,3,54.6,3.7,1,1,70.3,65.6,0,2.3,42.9,4,4,3,1,11.83
STU1122,8.51,1,3,1,69.0,3.7,1,0,71.6,72.4,2,2.6,61.2,3,3,0,0,0.0
STU1123,7.9,0,4,3,58.2,2.8,1,1,72.8,87.7,1,3.2,46.5,1,4,2,0,0.0
STU1124,5.94,0,1,2,63.1,4.1,1,1,83.4,69.4,0,3.8,53.0,3,3,0,0,0.0
STU1125,9.0,2,3,3,98.0,2.9,0,1,63.0,58.5,1,1.5,59.5,0,5,1,1,14.62
STU1126,5.94,0,2,2,63.4,3.4,0,1,61.8,48.9,0,2.6,48.3,4,4,0,0,0.0
STU1127,7.53,1,5,2,73.4,4.1,1,1,86.8,76.7,0,4.0,51.0,0,4,1,1,11.75
STU1128,6.37,0,0,2,76.1,2.9,0,0,66.4,73.2,1,2.5,66.3,3,5,1,0,0.0
STU1129,7.13,0,2,2,53.0,3.0,1,1,56.8,61.6,1,4.7,68.9,3,3,1,0,0.0
STU1130,7.56,1,1,4,55.2,4.0,0,1,66.2,83.3,1,3.0,39.4,3,1,1,0,0.0
STU1131,7.55,2,3,0,49.9,2.7,1,1,68.0,64.5,1,2.5,72.1,2,2,1,0,0.0
STU1132,7.66,1,1,0,54.7,3.2,0,1,90.7,68.2,1,4.0,58.1,0,2,0,0,0.0
STU1133,8.98,2,1,4,25.2,4.0,1,0,83.1,69.8,0,4.9,78.0,3,1,2,1,12.93
STU1134,7.7,0,2,2,76.2,5.0,1,0,85.8,65.4,2,3.8,79.0,2,5,1,0,0.0
STU1135,6.93,2,4,2,98.8,4.0,0,0,81.8,73.1,0,4.6,55.2,1,3,1,1,13.67
STU1136,8.26,0,1,1,70.2,3.9,0,1,83.4,85.0,2,5.0,76.1,5,1,3,1,11.54
STU1137,8.51,1,1,0,46.8,4.0,1,0,63.7,55.1,0,2.5,49.9,2,5,0,0,0.0
STU1138,5.85,1,3,3,58.4,2.5,0,1,69.6,76.4,0,4.3,88.8,3,4,1,1,12.84
STU1139,7.86,3,2,2,61.1,3.6,0,1,60.1,72.2,1,2.0,50.6,2,3,1,0,0.0
STU1140,7.97,1,4,1,52.7,3.5,0,1,69.5,72.0,0,3.8,71.3,3,2,0,0,0.0
STU1141,6.87,0,1,1,80.9,3.8,1,1,80.2,81.3,2,3.3,61.6,3,2,0,0,0.0
STU1142,8.71,0,3,3,80.2,3.6,1,1,73.6,70.6,0,4.6,46.7,3,3,2,1,12.85
STU1143,7.03,2,1,0,50.7,3.8,1,0,87.7,76.2,1,4.5,81.2,5,6,0,1,13.12
STU1144,7.34,1,1,3,78.9,3.2,1,0,58.3,79.3,0,3.9,53.9,2,2,1,1,12.43
STU1145,7.01,2,3,1,90.9,3.6,1,1,78.0,63.4,0,3.7,34.4,3,4,1,1,14.85
STU1146,7.22,0,2,2,96.5,2.4,1,1,57.0,73.9,0,3.9,13.1,3,8,1,0,0.0
STU1147,5.99,1,3,4,100.0,3.2,1,1,73.1,66.7,1,3.5,49.2,2,4,2,1,12.11
STU1148,5.62,0,2,2,54.5,4.8,0,0,80.9,68.3,1,3.3,89.8,2,3,2,0,0.0
STU1149,8.95,3,2,1,100.0,3.8,0,0,69.4,65.8,0,4.8,87.6,5,5,0,1,15.89
STU1150,6.27,1,2,2,62.7,3.5,1,1,78.6,76.1,3,4.9,52.1,0,6,2,0,0.0
STU1151,6.11,3,5,1,59.1,5.0,1,1,60.5,71.1,1,3.3,58.3,1,4,2,1,11.4
STU1152,4.83,0,1,1,72.9,2.3,0,1,52.0,75.1,3,3.6,56.6,2,6,0,0,0.0
STU1153,6.5,1,1,4,59.3,2.5,0,1,78.7,69.8,0,3.5,41.0,0,4,3,0,0.0
STU1154,5.74,1,2,3,74.0,5.0,1,1,92.9,49.1,0,1.9,47.9,4,6,2,1,12.7
STU1155,9.01,1,2,2,48.2,3.5,1,1,60.0,70.4,0,3.1,82.7,1,8,0,1,12.96
STU1156,8.31,2,1,1,64.4,3.3,0,1,86.7,70.8,0,4.9,74.1,1,4,1,1,14.35
STU1157,6.44,3,4,0,87.3,2.4,1,1,72.5,73.2,0,2.7,69.9,4,4,2,1,14.36
STU1158,9.68,2,1,0,67.1,3.9,1,1,56.0,62.3,0,5.0,41.0,1,4,1,1,13.36
STU1159,8.28,2,4,2,70.1,4.0,1,1,58.4,54.5,0,4.5,66.8,3,5,2,1,13.07
STU1160,6.84,0,1,3,75.1,2.5,1,1,72.2,78.1,1,3.8,23.5,4,6,1,0,0.0
STU1161,4.45,0,3,2,85.6,3.4,0,0,67.1,66.4,3,3.9,80.2,3,0,1,0,0.0
STU1162,9.72,3,4,3,43.2,3.2,1,1,56.2,72.2,2,2.5,69.7,3,5,0,1,15.11
STU1163,5.67,0,1,0,76.8,3.7,1,1,51.7,66.3,0,3.1,40.8,0,5,1,0,0.0
STU1164,5.39,2,5,1,64.0,2.5,1,0,61.8,69.9,0,4.8,94.1,0,5,1,1,12.32
STU1165,8.32,2,2,1,70.5,4.6,0,1,74.3,64.2,0,2.8,32.7,1,5,2,1,12.26
STU1166,9.88,1,4,1,83.9,4.3,1,0,71.9,57.4,0,4.4,74.5,0,0,1,1,15.46
STU1167,8.72,3,3,0,50.1,3.2,0,1,66.0,76.2,0,2.1,75.0,2,3,0,0,0.0
STU1168,7.82,1,2,4,52.8,3.3,0,1,74.4,62.2,0,2.3,42.7,2,5,0,0,0.0
STU1169,7.85,1,1,1,39.0,3.4,1,0,84.5,72.1,0,5.0,64.3,2,7,1,1,11.39
STU1170,8.14,0,2,4,59.8,2.8,1,1,76.7,75.3,1,3.4,35.5,1,2,2,0,0.0
STU1171,8.03,1,0,1,88.0,3.1,1,1,70.5,62.4,1,2.9,13.8,2,4,2,0,0.0
STU1172,7.51,0,1,4,66.2,3.3,1,1,83.1,54.3,0,4.7,45.8,1,5,1,0,0.0
STU1173,7.31,1,1,2,47.9,5.0,1,1,60.5,100.0,0,4.6,53.9,1,5,0,1,11.84
STU1174,7.13,2,2,4,60.7,4.4,1,1,69.3,63.1,2,4.3,76.6,3,4,0,1,12.71
STU1175,6.37,3,3,0,45.7,4.3,1,1,69.6,78.1,0,2.9,66.2,3,0,0,1,12.49
STU1176,6.89,0,1,2,51.1,3.8,0,1,57.2,95.2,0,3.1,66.7,4,5,2,1,10.55
STU1177,5.34,1,1,4,73.8,2.5,1,0,67.0,80.3,0,3.7,46.7,4,5,0,1,10.82
STU1178,7.09,3,3,0,50.4,3.5,1,1,47.1,66.1,0,4.1,55.5,3,5,1,1,11.81
STU1179,6.11,0,1,0,84.7,4.4,0,0,94.9,69.1,0,2.9,48.3,3,5,1,1,10.83
STU1180,5.99,0,0,1,66.9,2.4,1,1,60.8,59.2,2,3.6,43.0,0,3,3,0,0.0
STU1181,7.4,0,1,4,69.3,4.1,1,1,91.0,81.5,0,3.7,54.3,0,10,3,1,11.27
STU1182,8.73,1,4,2,63.8,5.0,0,0,72.5,77.4,0,4.6,66.3,4,5,3,1,13.0
STU1183,8.21,0,4,2,79.6,4.5,1,1,78.8,63.3,0,4.1,54.7,1,4,2,1,13.59
STU1184,5.47,3,2,0,79.7,4.8,1,0,66.1,56.5,1,2.0,59.2,2,7,2,1,13.35
STU1185,6.11,1,3,0,73.0,3.7,0,1,74.5,52.8,0,3.2,77.5,0,7,2,1,13.72
STU1186,8.23,1,2,3,76.5,4.4,0,1,79.8,82.8,0,2.5,56.0,1,5,2,1,13.56
STU1187,6.12,0,3,0,64.8,2.9,1,1,80.0,71.6,0,3.9,41.0,3,4,3,0,0.0
STU1188,6.95,1,3,2,76.1,4.2,1,1,81.3,72.8,0,4.3,75.1,1,4,1,1,14.61
STU1189,7.81,1,3,4,62.9,4.1,1,1,67.6,59.3,0,3.5,69.8,2,3,1,1,13.26
STU1190,6.13,2,1,1,68.0,3.8,1,1,66.2,51.0,0,3.1,70.9,1,2,1,0,0.0
STU1191,7.32,2,0,2,63.9,4.7,1,1,52.9,82.5,1,3.5,76.3,3,4,1,1,13.28
STU1192,5.73,1,2,0,61.1,3.0,1,1,78.3,70.5,3,3.6,73.2,3,4,2,0,0.0
STU1193,6.54,3,4,2,57.7,3.3,0,1,85.0,81.8,0,2.8,65.5,2,2,2,1,12.51
STU1194,7.55,2,2,0,75.0,3.6,0,1,91.4,65.0,0,2.2,100.0,3,7,1,1,13.43
STU1195,5.45,2,4,2,87.7,2.6,1,1,75.7,66.9,0,1.5,41.9,1,4,0,1,13.34
STU1196,7.68,0,5,1,85.6,3.7,1,0,62.8,79.3,1,4.6,54.4,3,4,3,1,12.65
STU1197,7.18,0,1,1,49.2,2.0,1,1,51.6,79.5,0,3.9,82.4,3,3,0,0,0.0
STU1198,7.81,0,3,2,87.3,4.4,1,1,84.5,80.4,1,3.7,67.6,5,1,0,1,14.87
STU1199,7.45,1,3,0,63.2,3.5,1,0,50.4,66.2,1,4.6,78.6,1,6,2,1,12.31
STU1200,8.7,1,5,2,77.0,3.0,1,1,67.9,78.0,2,2.2,68.1,0,3,0,0,0.0
STU1201,7.34,1,5,1,54.4,2.7,1,1,69.3,84.4,2,1.8,89.7,1,4,0,0,0.0
STU1202,6.73,2,3,2,70.1,3.3,1,1,71.2,68.6,1,3.8,46.9,0,4,0,0,0.0
STU1203,7.33,2,1,0,72.7,4.1,1,1,72.4,63.3,0,3.7,89.2,1,4,0,1,14.14
STU1204,7.8,3,3,2,45.7,4.0,1,1,73.7,87.5,0,1.8,86.1,1,4,1,1,14.22
STU1205,7.25,1,1,0,77.1,2.9,0,1,43.0,61.5,0,3.7,43.2,2,2,0,0,0.0
STU1206,7.24,1,3,1,88.2,2.7,1,1,72.2,78.2,0,3.0,76.4,4,2,1,1,13.2
STU1207,6.43,0,4,1,65.4,4.1,1,1,45.2,69.2,1,2.6,64.2,1,4,0,0,0.0
STU1208,6.47,0,2,2,88.4,2.8,0,0,80.8,46.1,0,3.1,54.1,5,5,2,0,0.0
STU1209,5.66,0,3,1,65.2,3.6,1,1,65.3,84.7,1,1.1,31.0,4,3,0,0,0.0
STU1210,9.12,1,2,3,80.7,3.6,1,1,46.1,40.0,0,2.8,46.8,4,2,0,1,13.6
STU1211,5.83,1,2,3,34.7,3.8,0,0,62.2,44.2,1,2.7,77.7,5,1,0,0,0.0
STU1212,6.44,2,2,0,100.0,4.3,1,0,65.2,76.9,0,3.9,79.6,3,4,1,1,14.01
STU1213,6.41,0,3,2,90.4,2.4,0,0,86.3,76.9,0,3.2,61.2,3,3,1,0,0.0
STU1214,8.18,2,4,0,63.7,1.8,0,0,74.4,61.7,0,4.0,79.7,2,1,1,1,14.47
STU1215,6.88,1,4,1,38.4,3.0,1,0,76.1,71.9,2,1.0,82.0,2,4,3,0,0.0
STU1216,8.57,0,1,2,72.3,5.0,1,1,86.2,40.0,0,2.6,67.8,5,2,3,1,12.51
STU1217,6.46,1,4,2,46.3,5.0,1,1,70.8,79.2,0,3.9,52.0,2,4,1,1,10.75
STU1218,7.51,0,3,2,74.7,5.0,1,1,81.1,73.2,0,3.1,72.9,0,3,0,0,0.0
STU1219,6.28,1,1,1,74.2,3.3,1,1,80.2,69.4,1,4.2,73.8,3,7,1,1,12.01
STU1220,9.56,1,0,1,53.9,1.9,0,1,56.6,70.3,0,1.7,77.1,2,2,0,0,0.0
STU1221,5.89,0,1,0,84.8,1.4,0,1,89.7,76.4,3,4.1,80.6,4,3,2,1,12.28
STU1222,7.54,0,4,2,80.1,2.9,1,1,55.0,69.6,0,2.8,40.5,0,8,0,0,0.0
STU1223,7.9,1,3,2,82.6,3.3,0,1,83.0,45.6,0,2.7,55.8,3,3,2,1,13.52
STU1224,7.66,3,3,2,68.1,4.7,1,1,53.8,98.6,1,4.3,30.8,1,4,3,1,13.41
STU1225,7.0,1,1,1,46.8,4.3,1,1,79.2,85.6,0,4.5,78.4,4,3,1,1,11.48
STU1226,7.06,2,3,1,82.7,3.7,1,0,94.3,53.3,2,4.4,61.2,0,1,1,0,0.0
STU1227,7.25,1,0,1,63.9,2.7,0,1,69.4,65.5,0,5.0,72.8,4,4,1,0,0.0
STU1228,7.04,3,2,0,47.2,2.6,1,1,68.9,66.9,3,4.6,38.4,0,7,0,0,0.0
STU1229,8.26,2,3,1,88.3,3.7,1,1,79.3,84.0,1,2.6,90.2,0,3,3,1,15.22
STU1230,9.63,1,1,3,99.5,4.1,0,1,68.0,41.9,2,3.5,43.5,1,4,1,1,14.82
STU1231,6.59,1,4,3,67.4,3.9,1,1,93.8,63.5,0,3.1,78.9,1,4,0,1,13.51
STU1232,5.69,2,1,2,100.0,2.6,1,0,74.3,47.1,0,5.0,67.1,3,3,2,1,14.06
STU1233,7.1,1,3,1,69.4,4.1,1,0,68.2,66.3,1,4.4,61.6,0,4,0,0,0.0
STU1234,10.0,1,2,0,62.3,3.9,0,0,65.5,63.9,1,3.2,60.1,2,2,0,0,0.0
STU1235,6.32,0,2,3,58.5,2.5,0,1,60.8,71.0,0,4.2,53.5,1,3,1,0,0.0
STU1236,9.0,2,1,0,92.6,2.8,1,1,64.5,62.1,0,2.2,88.3,4,3,1,1,14.49
STU1237,9.05,2,0,4,56.3,4.1,0,0,67.8,60.2,0,3.6,65.2,0,6,1,1,13.28
STU1238,6.59,0,4,1,79.0,3.3,0,1,66.1,78.1,1,2.5,42.2,2,3,1,0,0.0
STU1239,7.83,1,1,1,59.6,4.9,0,0,64.1,75.9,0,1.8,58.1,3,4,0,0,0.0
STU1240,8.99,1,4,4,61.1,4.0,0,0,97.2,77.2,0,4.1,67.3,4,2,1,1,13.21
STU1241,6.78,0,5,0,83.5,3.1,0,1,59.6,67.7,0,4.3,81.2,4,2,0,1,12.87
STU1242,6.98,3,1,2,62.3,3.5,0,0,73.8,62.6,0,3.8,54.1,4,4,3,1,12.1
STU1243,6.56,0,1,2,61.9,3.6,1,1,79.1,68.5,0,3.2,55.3,0,5,0,0,0.0
STU1244,6.08,0,3,1,85.0,2.8,1,0,79.6,76.5,3,2.2,65.4,4,3,0,0,0.0
STU1245,6.49,1,5,1,92.0,2.7,1,0,71.3,41.7,0,2.3,80.7,3,3,3,1,12.89
STU1246,5.85,2,4,2,77.7,4.1,1,1,69.1,75.1,2,2.5,40.4,4,7,3,1,12.44
STU1247,7.24,0,2,2,58.2,4.3,1,1,77.4,74.0,0,3.2,74.1,1,1,2,0,0.0
STU1248,6.35,1,3,0,60.3,4.0,1,0,75.2,70.8,0,4.4,56.6,4,5,0,1,12.15
STU1249,7.46,1,1,4,69.2,4.9,1,1,68.9,68.1,0,4.4,59.2,2,4,1,1,12.4
STU1250,5.49,0,5,0,72.8,3.0,1,1,53.3,40.0,1,1.8,100.0,3,4,1,0,0.0
STU1251,7.56,0,5,1,53.2,5.0,1,1,66.4,64.3,1,2.7,61.5,2,7,2,1,12.44
STU1252,8.12,1,1,1,78.8,2.7,1,0,58.2,93.3,0,2.7,78.6,2,5,0,1,12.83
STU1253,5.01,0,1,0,69.3,2.6,1,1,64.0,70.2,0,1.0,77.9,2,3,0,0,0.0
STU1254,7.61,3,1,0,42.3,1.9,1,1,72.4,66.0,2,3.9,43.8,2,3,1,0,0.0
STU1255,8.55,2,1,4,54.1,3.1,0,0,76.3,70.2,3,3.2,31.8,3,3,0,0,0.0
STU1256,5.87,3,4,1,60.4,3.0,0,1,93.4,74.6,0,3.3,79.8,3,0,1,1,12.41
STU1257,9.04,0,2,0,66.9,4.0,0,1,65.6,78.6,1,4.7,45.5,3,7,2,1,11.72
STU1258,7.66,3,0,0,96.3,3.7,0,1,81.3,67.0,0,3.5,35.0,1,1,2,1,14.13
STU1259,6.42,1,2,2,71.6,2.4,0,1,75.7,75.5,0,3.0,83.5,5,4,1,1,12.55
STU1260,7.14,1,5,3,55.4,3.1,1,1,87.6,91.8,0,3.9,46.7,3,5,2,1,11.03
STU1261,7.81,0,3,1,71.3,3.2,1,1,78.9,83.1,0,4.4,51.1,1,6,0,1,12.24
STU1262,7.28,0,2,0,62.7,1.9,1,1,59.9,100.0,2,3.7,100.0,3,4,0,0,0.0
STU1263,7.79,1,1,1,72.9,2.6,0,1,51.3,61.5,0,4.1,35.1,1,5,1,0,0.0
STU1264,6.19,1,5,0,76.7,2.8,1,1,75.7,91.8,0,3.3,42.4,0,3,0,0,0.0
STU1265,7.39,0,4,0,86.1,4.8,1,0,65.7,59.7,2,3.3,56.7,2,5,0,0,0.0
STU1266,5.64,1,1,1,67.6,3.7,0,1,60.2,74.6,0,3.5,60.7,2,3,0,1,11.55
STU1267,7.08,0,0,1,92.6,4.1,1,1,56.8,79.5,0,2.7,48.9,1,7,3,1,11.79
STU1268,6.21,1,0,2,81.6,2.2,1,0,73.9,63.4,1,2.9,44.1,1,2,3,0,0.0
STU1269,6.39,1,1,1,57.4,4.6,1,1,90.1,71.1,0,4.7,92.2,5,3,1,1,11.97
STU1270,8.56,2,2,4,100.0,4.7,0,1,67.1,81.8,0,5.0,69.7,1,3,0,1,13.0
STU1271,8.4,2,4,4,72.9,1.7,1,1,79.1,60.8,0,4.9,75.5,1,5,0,1,13.77
STU1272,7.87,1,2,2,55.5,2.9,1,1,70.8,91.7,0,2.1,62.5,5,5,0,1,12.09
STU1273,6.0,1,4,1,92.8,3.9,1,1,56.5,52.0,2,2.1,70.2,1,2,0,0,0.0
STU1274,6.85,1,2,1,99.2,4.1,1,0,80.8,95.2,1,2.3,81.8,3,1,0,1,13.87
STU1275,8.53,2,3,1,67.5,2.9,1,1,58.9,83.0,0,3.5,47.1,1,3,1,1,12.72
STU1276,7.36,1,3,2,60.4,3.2,1,0,72.3,68.8,0,1.0,69.8,2,3,1,0,0.0
STU1277,9.75,0,1,1,65.4,3.0,0,1,67.9,64.8,3,2.8,77.5,2,4,0,0,0.0
STU1278,7.63,0,2,3,78.7,3.6,1,0,82.7,63.4,0,4.7,92.8,5,3,2,1,12.19
STU1279,7.41,1,3,4,87.2,4.6,0,0,59.3,68.2,0,4.3,100.0,2,4,2,1,12.87
STU1280,6.86,1,0,1,76.6,2.8,1,1,76.7,69.4,3,2.9,66.3,2,3,1,0,0.0
STU1281,7.35,2,2,2,69.5,4.4,1,1,61.9,86.3,3,3.0,85.5,5,8,0,1,13.85
STU1282,7.03,0,2,0,90.5,2.8,0,1,65.9,95.6,0,3.9,16.9,5,2,3,1,12.05
STU1283,7.98,1,5,1,63.3,2.7,1,1,40.0,72.6,0,4.3,92.9,0,4,1,1,13.4
STU1284,8.25,2,2,1,83.5,4.2,1,0,97.1,59.0,0,2.9,51.9,4,4,0,1,12.89
STU1285,6.34,2,4,1,63.7,4.3,0,0,78.6,62.9,0,3.2,60.7,2,2,1,0,0.0
STU1286,5.74,1,2,3,74.5,4.3,1,1,62.8,67.6,1,2.9,72.9,2,3,1,1,11.4
STU1287,5.18,1,3,0,66.3,2.3,0,1,58.5,56.6,0,2.1,62.2,2,3,1,0,0.0
STU1288,7.76,1,2,1,67.2,3.1,1,1,66.1,54.7,0,3.2,68.5,2,2,1,1,14.05
STU1289,5.99,3,4,2,62.3,4.2,0,0,80.6,97.3,0,3.1,93.6,1,3,1,1,13.44
STU1290,4.83,0,2,2,88.2,3.5,1,1,49.3,73.9,3,2.2,58.1,2,3,2,0,0.0
STU1291,7.63,3,3,1,57.0,2.5,1,1,70.3,59.2,0,4.0,45.4,2,2,1,1,12.02
STU1292,9.94,1,3,3,56.9,3.9,1,1,93.2,80.6,0,3.9,97.6,1,3,0,1,13.99
STU1293,7.19,1,2,2,99.8,2.9,0,0,58.4,54.7,3,4.1,74.5,2,3,0,0,0.0
STU1294,8.12,0,1,1,82.7,5.0,1,1,73.0,55.8,0,2.7,99.6,5,1,0,1,15.06
STU1295,7.29,1,0,0,32.2,4.9,1,0,98.4,59.6,0,1.5,80.5,3,1,1,1,12.54
STU1296,7.09,1,0,1,59.5,4.0,0,0,79.6,91.5,0,3.8,41.2,2,4,0,0,0.0
STU1297,8.21,0,4,3,40.8,4.7,1,1,73.5,66.7,0,2.8,76.6,4,5,1,1,12.0
STU1298,6.88,1,1,2,53.7,3.6,0,1,78.1,40.0,0,2.6,47.3,2,8,0,1,10.56
STU1299,7.49,3,1,3,20.9,4.2,1,1,67.2,85.7,0,2.2,65.1,0,1,2,1,10.42
STU1300,7.55,1,3,1,65.9,4.8,1,1,87.6,66.0,0,3.1,63.6,2,1,2,1,14.0
STU1301,6.47,2,2,0,50.9,3.7,1,1,67.2,46.0,0,4.9,35.9,1,1,0,0,0.0
STU1302,8.29,0,2,0,68.9,3.3,1,1,48.5,65.9,0,2.9,50.4,3,4,1,1,10.77
STU1303,7.01,1,1,1,43.6,2.0,1,1,67.3,76.8,0,2.4,100.0,5,4,3,1,13.89
STU1304,6.37,0,5,2,69.2,3.4,0,1,60.4,75.3,0,4.0,69.3,2,3,0,1,11.68
STU1305,7.79,1,4,3,61.8,4.2,1,0,68.6,93.4,0,3.6,61.8,2,5,3,1,11.6
STU1306,6.21,3,4,1,90.5,4.4,1,0,68.9,58.9,3,1.4,97.6,2,4,1,1,15.32
STU1307,7.23,1,2,1,89.2,4.0,1,1,86.4,70.6,0,4.0,57.9,1,9,1,1,13.76
STU1308,7.19,0,3,1,79.8,3.0,1,1,80.3,60.9,0,5.0,63.4,3,1,0,1,11.34
STU1309,8.39,1,1,1,63.1,1.7,0,0,75.2,50.0,1,1.0,82.8,3,1,2,0,0.0
STU1310,7.72,1,0,1,97.8,3.1,1,1,72.0,81.5,0,2.2,57.8,0,2,1,1,14.48
STU1311,7.17,1,0,0,44.7,3.2,0,1,59.3,76.0,1,1.0,51.6,4,0,2,0,0.0
STU1312,8.1,2,2,0,46.9,3.2,0,1,45.8,73.7,1,3.3,24.4,1,7,2,0,0.0
STU1313,8.73,2,2,0,66.7,4.1,1,0,73.4,75.5,1,4.3,48.1,5,3,1,1,14.49
STU1314,7.81,1,2,0,100.0,5.0,0,1,81.5,61.1,1,3.5,48.0,2,4,0,1,11.71
STU1315,7.21,1,0,0,65.0,3.6,0,1,70.7,56.9,0,4.7,67.9,3,3,0,0,0.0
STU1316,5.76,0,2,2,65.3,3.3,1,1,65.6,70.5,1,4.2,54.0,0,2,0,0,0.0
STU1317,6.03,0,3,1,46.4,3.3,0,0,77.6,85.1,0,5.0,100.0,1,2,2,1,10.04
STU1318,6.86,1,2,4,82.2,3.6,0,0,71.0,90.9,0,4.5,46.0,4,3,0,1,11.86
STU1319,6.53,1,3,0,82.3,2.8,0,1,92.2,80.3,3,3.0,90.2,2,4,0,0,0.0
STU1320,6.99,1,1,1,79.8,3.6,0,1,86.8,70.4,0,3.5,69.0,4,9,0,1,12.39
STU1321,7.26,1,4,1,58.6,3.9,1,1,83.5,73.5,3,2.6,79.5,2,4,2,1,11.4
STU1322,7.78,0,2,0,57.4,3.7,1,1,81.1,70.2,0,3.2,78.4,5,4,1,1,13.22
STU1323,7.12,1,1,3,48.6,3.9,1,1,56.5,56.7,0,3.5,25.1,5,0,3,0,0.0
STU1324,7.74,0,1,0,69.3,3.9,1,0,80.0,70.3,0,3.3,64.8,2,6,2,0,0.0
STU1325,7.27,0,3,4,51.8,1.9,0,1,76.5,52.6,1,4.7,60.3,2,0,2,0,0.0
STU1326,5.03,2,4,3,50.3,4.1,0,0,79.3,68.4,0,3.1,44.6,4,7,0,1,11.19
STU1327,6.17,0,2,2,61.6,2.9,0,1,77.9,91.3,0,2.5,73.3,1,4,0,0,0.0
STU1328,7.04,1,1,2,60.7,2.5,1,1,77.4,80.7,0,2.6,95.9,4,2,0,1,13.55
STU1329,5.87,0,4,2,59.9,2.5,1,1,100.0,58.0,1,4.0,16.9,2,3,1,0,0.0
STU1330,7.86,2,3,1,75.0,3.9,1,0,71.1,69.1,0,2.1,55.4,3,10,2,1,11.84
STU1331,8.88,1,2,2,69.2,3.3,0,0,83.2,59.2,2,3.2,42.6,0,3,0,0,0.0
STU1332,8.54,0,2,0,63.7,2.0,0,1,66.3,69.2,0,4.7,66.3,3,2,0,0,0.0
STU1333,6.97,1,1,0,70.7,3.9,1,1,81.5,83.5,0,3.7,59.1,1,1,1,1,12.1
STU1334,8.84,2,3,1,53.1,2.2,0,0,83.3,78.5,0,3.3,54.1,4,4,0,0,0.0
STU1335,7.36,3,2,2,69.6,3.6,1,1,76.4,100.0,3,3.4,77.4,2,1,1,1,13.75
STU1336,6.83,0,5,3,70.3,3.7,1,1,92.0,85.5,0,2.4,94.5,1,5,0,1,12.67
STU1337,6.53,2,2,0,45.5,4.3,1,1,61.4,72.7,0,2.6,100.0,5,7,1,1,14.14
STU1338,6.87,3,2,3,82.9,5.0,1,0,66.2,78.8,1,3.2,51.7,3,7,1,1,13.26
STU1339,6.77,3,2,1,54.8,2.3,1,1,74.5,67.4,0,3.7,32.2,5,1,1,1,11.44
STU1340,7.39,1,4,1,69.4,3.5,1,1,82.6,55.3,1,4.3,75.1,2,4,0,1,11.47
STU1341,7.38,1,4,1,85.5,3.3,1,1,74.2,87.0,0,3.5,94.0,3,1,0,1,14.72
STU1342,7.2,1,2,1,81.9,3.9,0,1,87.4,83.1,0,4.7,79.6,3,4,2,1,12.92
STU1343,7.68,2,3,0,68.5,3.7,1,0,64.1,66.9,0,4.9,93.9,3,5,2,1,14.28
STU1344,8.51,1,2,2,62.6,3.2,1,0,58.3,73.6,0,4.2,60.9,0,4,1,0,0.0
STU1345,8.24,1,2,3,82.2,3.1,0,0,75.7,86.1,1,4.6,54.0,1,6,1,1,13.0
STU1346,5.57,1,1,1,78.1,2.5,1,1,71.1,81.0,1,2.5,67.1,4,5,0,0,0.0
STU1347,4.39,2,2,1,58.7,4.4,0,1,78.5,51.0,0,2.3,59.1,2,2,2,1,10.72
STU1348,8.23,2,1,3,56.1,3.9,1,0,71.7,73.2,3,3.9,76.9,5,4,2,1,14.43
STU1349,5.7,0,4,2,36.9,4.3,1,0,67.9,67.8,0,2.1,82.5,1,0,1,0,0.0
STU1350,6.95,2,2,1,70.3,3.2,0,0,71.1,84.5,0,3.1,83.9,5,3,3,1,14.02
STU1351,5.91,1,5,1,66.8,2.9,0,0,72.3,83.4,1,4.1,74.2,3,2,0,1,12.96
STU1352,5.22,2,2,3,85.0,2.5,1,1,68.3,87.1,1,4.7,69.4,3,7,1,1,13.3
STU1353,7.8,1,3,2,73.4,3.8,1,0,69.6,55.5,0,3.2,79.3,2,3,3,1,13.89
STU1354,8.04,1,2,1,88.0,2.6,1,0,67.2,59.8,1,2.8,29.7,4,4,0,0,0.0
STU1355,6.57,3,1,1,57.5,5.0,0,1,82.3,84.5,0,3.7,68.8,2,5,0,1,11.76
STU1356,4.35,0,2,3,85.1,2.3,1,1,74.3,62.3,1,2.4,65.9,3,5,2,1,10.44
STU1357,6.6,2,0,0,60.1,3.7,1,1,99.1,50.2,2,3.2,68.8,0,5,0,0,0.0
STU1358,7.63,1,3,4,79.7,4.9,0,0,73.9,76.9,0,3.4,63.4,3,2,2,1,12.93
STU1359,5.57,1,2,0,46.1,4.0,0,1,65.4,62.9,0,3.4,72.8,4,4,0,0,0.0
STU1360,7.4,1,3,3,71.5,3.7,0,1,100.0,93.3,1,3.5,54.7,1,4,1,1,11.55
STU1361,7.18,1,1,1,38.2,2.6,0,0,77.0,73.9,1,2.6,85.3,3,4,0,0,0.0
STU1362,7.84,1,1,1,64.0,2.3,1,0,83.9,72.1,0,2.7,73.5,0,0,0,0,0.0
STU1363,7.33,0,2,3,74.6,4.2,0,1,79.1,65.2,0,2.7,67.7,5,2,2,1,12.14
STU1364,6.13,0,4,1,60.2,4.9,1,1,79.5,90.7,3,1.9,52.4,5,7,2,1,10.82
STU1365,8.52,0,3,2,52.2,3.1,1,0,78.4,74.7,0,3.7,79.7,2,2,0,0,0.0
STU1366,7.03,3,2,0,80.7,2.5,0,0,58.8,64.7,0,4.2,68.7,0,3,0,0,0.0
STU1367,7.17,3,2,0,66.4,1.3,1,1,76.4,59.7,0,4.2,51.4,3,2,2,1,12.94
STU1368,6.17,1,0,1,60.7,2.6,0,0,56.1,69.0,0,3.2,64.0,0,1,2,0,0.0
STU1369,6.71,2,5,2,68.6,3.4,1,1,69.9,57.3,3,2.6,76.3,2,2,2,1,12.48
STU1370,6.23,1,3,0,100.0,4.9,0,1,63.3,83.4,1,4.1,74.9,1,4,1,1,12.62
STU1371,7.01,1,1,0,85.3,4.1,1,1,76.3,46.5,0,4.0,73.8,2,7,0,1,13.53
STU1372,9.08,2,2,1,85.4,3.8,1,1,76.0,68.2,1,3.6,66.7,0,3,2,1,15.21
STU1373,5.69,3,1,2,74.5,3.1,1,0,77.8,77.9,1,5.0,83.5,0,3,2,1,13.95
STU1374,5.43,1,5,2,70.5,3.0,1,0,75.4,74.4,0,3.4,87.3,0,4,1,1,11.59
STU1375,8.82,2,1,0,32.1,4.8,1,1,64.7,60.7,0,3.2,78.3,3,3,1,1,13.33
STU1376,6.97,0,3,0,57.8,3.7,0,1,68.9,78.6,1,3.0,54.4,2,7,1,0,0.0
STU1377,6.46,3,1,4,60.8,1.6,1,1,83.0,58.5,0,1.9,46.0,1,3,2,0,0.0
STU1378,8.34,0,3,1,39.9,2.9,1,1,84.8,69.7,0,4.0,55.2,3,3,2,1,10.26
STU1379,6.53,1,3,3,50.6,2.7,1,1,58.2,78.5,0,3.3,100.0,4,4,2,1,12.56
STU1380,9.21,1,3,3,38.3,3.0,0,1,53.6,76.0,3,3.9,70.1,1,5,1,0,0.0
STU1381,7.95,1,3,3,67.4,4.0,0,1,63.3,61.2,0,5.0,100.0,4,4,1,1,14.05
STU1382,6.66,0,4,0,80.3,3.4,1,1,84.5,85.6,3,3.0,62.8,3,2,2,1,12.41
STU1383,9.57,3,0,3,84.6,3.4,1,1,86.6,71.1,0,1.2,60.3,0,1,0,0,0.0
STU1384,6.53,0,2,3,74.2,4.7,0,0,60.9,79.7,1,3.9,63.7,2,7,1,1,10.92
STU1385,8.02,1,1,2,53.5,2.9,1,1,75.7,89.9,0,3.6,63.3,2,5,1,1,12.18
STU1386,7.53,0,5,1,39.0,5.0,1,1,94.0,84.5,0,2.7,51.1,3,0,3,1,11.02
STU1387,8.63,1,2,1,41.6,2.9,1,0,77.0,84.6,0,3.8,44.3,1,6,0,0,0.0
STU1388,8.92,1,3,0,49.0,3.6,1,1,89.1,72.5,0,4.1,74.0,5,4,0,1,13.8
STU1389,7.24,1,3,2,54.7,3.2,0,1,84.0,80.3,1,2.5,84.0,3,4,0,0,0.0
STU1390,6.37,0,1,2,65.6,3.6,0,1,61.1,72.8,1,3.1,100.0,2,0,0,0,0.0
STU1391,7.71,0,1,1,52.8,3.9,0,0,69.7,54.3,0,4.8,57.2,0,5,0,0,0.0
STU1392,6.45,1,1,1,73.1,3.9,1,1,72.4,73.9,2,2.7,58.7,1,2,1,0,0.0
STU1393,9.41,2,2,1,64.5,2.8,1,0,73.2,73.3,0,3.5,51.1,2,5,2,1,12.34
STU1394,7.35,2,1,2,68.2,2.5,0,1,83.0,77.6,0,1.0,85.3,2,0,1,0,0.0
STU1395,6.8,0,0,4,85.1,5.0,1,0,76.9,68.3,0,2.0,79.7,3,5,0,1,11.86
STU1396,7.4,1,4,0,50.3,3.1,1,1,40.0,60.1,0,3.5,49.2,3,0,2,0,0.0
STU1397,5.72,0,5,1,74.3,4.1,0,1,56.2,78.5,1,4.6,48.8,1,2,1,0,0.0
STU1398,6.13,0,2,0,67.8,2.1,0,1,45.8,52.9,0,2.1,82.1,2,2,0,0,0.0
STU1399,8.52,1,2,2,63.0,3.2,1,1,74.1,89.0,0,3.5,71.9,0,2,0,1,13.94
STU1400,6.48,1,0,2,81.3,3.4,0,1,74.9,67.0,0,3.0,78.7,2,3,2,1,13.37
STU1401,6.05,0,3,4,81.2,3.9,1,0,75.4,73.2,0,4.3,49.1,3,2,2,1,11.16
STU1402,7.79,0,4,1,53.8,1.0,1,0,60.5,77.3,0,2.2,31.2,2,10,1,0,0.0
STU1403,8.5,0,1,4,65.3,3.6,1,0,80.1,77.7,0,3.8,49.3,4,4,0,0,0.0
STU1404,7.99,2,1,0,72.2,2.5,1,0,80.6,51.7,0,2.8,77.4,5,4,2,1,13.32
STU1405,8.3,3,3,2,63.9,3.8,1,1,56.9,80.7,1,3.6,100.0,3,2,0,1,15.63
STU1406,6.37,0,3,0,76.8,2.6,1,1,54.4,73.9,0,3.5,57.3,0,3,2,0,0.0
STU1407,5.64,0,0,3,72.2,2.7,1,0,72.0,61.7,0,3.2,100.0,2,1,1,0,0.0
STU1408,8.85,2,3,2,95.5,3.3,1,1,93.5,60.3,0,3.9,79.9,0,5,0,1,15.33
STU1409,6.85,3,2,2,45.0,2.6,0,1,92.4,65.7,3,3.4,39.9,3,3,0,0,0.0
STU1410,6.92,1,2,3,66.2,3.1,0,0,78.8,53.1,0,3.3,68.9,4,5,0,1,12.55
STU1411,8.66,0,3,0,54.4,2.4,1,1,63.2,92.4,3,3.1,80.6,3,3,0,0,0.0
STU1412,7.81,0,4,0,77.1,1.9,1,0,82.6,89.3,3,3.5,21.3,3,9,0,0,0.0
STU1413,7.7,1,2,3,43.7,4.4,0,1,66.6,75.9,1,3.6,76.6,3,2,1,0,0.0
STU1414,9.58,1,4,1,73.2,2.3,0,1,62.8,67.1,0,2.5,86.1,4,0,1,1,14.5
STU1415,6.49,0,2,0,58.5,3.3,1,1,46.3,67.4,0,3.1,72.2,1,4,1,1,12.02
STU1416,8.22,1,3,1,57.0,4.2,0,0,73.2,79.9,0,2.4,63.9,4,8,1,1,13.25
STU1417,7.26,0,2,2,46.3,2.9,1,1,64.4,92.9,2,3.4,61.9,3,4,2,0,0.0
STU1418,7.5,2,4,0,61.0,2.8,1,1,73.2,62.6,1,2.8,60.8,1,1,3,1,12.08
STU1419,8.88,1,4,1,84.3,3.7,1,1,44.4,55.5,3,4.1,43.8,5,4,0,1,12.67
STU1420,7.76,0,0,0,67.6,4.5,0,1,74.0,90.1,1,4.0,52.6,5,7,1,1,11.83
STU1421,7.79,1,4,1,77.4,2.4,0,1,42.8,46.8,0,2.5,57.5,2,0,0,1,13.1
STU1422,8.38,1,4,3,93.0,3.4,0,1,85.1,56.9,0,3.4,67.0,4,2,0,1,15.44
STU1423,6.8,3,3,4,72.0,1.9,0,1,78.3,66.8,0,4.0,55.0,1,5,1,1,13.21
STU1424,6.28,1,1,2,59.6,3.1,1,1,68.7,49.7,0,3.2,49.4,2,6,1,0,0.0
STU1425,6.05,0,4,0,75.0,3.5,1,1,78.8,84.5,1,2.7,78.7,1,5,2,1,11.37
STU1426,5.04,2,4,4,59.8,2.7,0,1,60.3,81.1,3,2.4,71.7,2,10,1,0,0.0
STU1427,9.46,0,1,2,60.4,3.1,0,1,72.9,62.5,0,4.2,55.3,2,1,0,0,0.0
STU1428,5.99,3,5,0,45.2,2.2,0,1,81.5,86.6,2,4.3,74.1,1,4,2,0,0.0
STU1429,6.96,1,0,4,81.9,3.6,1,1,40.0,88.8,2,3.2,56.8,3,4,0,0,0.0
STU1430,6.9,1,1,3,62.2,4.5,1,0,66.6,68.5,0,4.1,66.1,0,5,0,0,0.0
STU1431,7.54,0,2,2,70.7,2.5,1,0,71.7,64.1,0,1.0,82.6,0,5,0,0,0.0
STU1432,8.1,1,2,2,52.5,2.9,1,1,69.6,99.4,1,4.7,54.1,2,7,3,1,13.02
STU1433,8.15,2,3,1,74.5,4.0,1,0,89.5,79.4,0,3.3,43.9,2,3,1,1,11.37
STU1434,6.56,2,0,1,56.6,4.6,1,0,58.5,73.3,0,3.5,62.4,1,0,1,0,0.0
STU1435,7.02,0,5,2,65.9,2.2,0,1,64.5,87.7,0,3.1,40.5,1,3,2,0,0.0
STU1436,7.51,0,0,1,81.2,3.3,1,1,49.0,73.9,3,4.7,60.0,1,4,1,0,0.0
STU1437,6.93,2,1,1,79.9,3.8,0,0,90.1,63.4,0,2.4,59.9,1,2,2,0,0.0
STU1438,8.97,3,0,3,67.7,3.4,1,0,69.0,71.0,1,4.8,20.7,2,5,1,0,0.0
STU1439,7.74,0,2,3,41.5,1.3,0,1,66.7,83.5,2,3.8,74.6,4,2,3,0,0.0
STU1440,8.01,1,4,1,100.0,4.0,1,0,71.4,44.1,1,4.0,61.7,1,0,2,1,13.91
STU1441,7.93,1,3,3,94.2,4.9,0,1,79.6,66.3,0,3.1,86.3,3,4,1,1,15.15
STU1442,8.49,2,4,3,78.8,3.6,1,0,76.2,88.0,1,2.2,68.9,0,5,0,1,14.6
STU1443,7.4,0,0,2,56.7,2.6,0,1,100.0,63.3,0,4.3,78.2,2,3,3,1,11.51
STU1444,5.77,0,2,1,66.3,3.0,1,1,77.4,90.1,0,3.7,86.4,1,5,1,0,0.0
STU1445,7.64,2,2,1,59.8,5.0,1,1,66.4,88.4,3,4.7,62.6,5,3,1,1,11.96
STU1446,6.48,0,2,1,87.0,4.3,0,0,65.3,69.1,0,3.2,65.0,2,2,2,0,0.0
STU1447,6.62,1,0,0,71.9,4.1,1,1,67.3,62.6,1,3.0,36.7,3,1,1,0,0.0
STU1448,7.85,1,3,1,56.2,3.8,1,1,54.0,66.3,0,4.7,87.3,3,5,0,1,13.19
STU1449,8.56,1,2,1,60.9,2.9,0,0,72.5,100.0,0,5.0,62.4,0,3,0,0,0.0
STU1450,7.22,1,3,1,84.8,3.3,1,1,81.4,94.4,3,3.4,46.9,5,7,1,1,12.46
STU1451,7.54,1,2,4,92.0,3.4,1,1,64.6,71.6,1,2.7,78.3,1,4,0,1,14.06
STU1452,9.07,0,1,0,90.9,4.0,1,1,62.3,62.1,0,4.2,25.8,0,3,1,0,0.0
STU1453,7.46,1,3,2,79.4,4.9,0,0,90.2,71.5,3,3.2,57.3,1,3,2,0,0.0
STU1454,10.0,2,1,2,64.2,4.5,1,0,54.9,73.2,1,4.0,81.3,1,1,0,1,14.87
STU1455,7.82,2,4,0,20.0,2.2,1,1,47.2,53.8,0,3.2,57.1,0,4,0,0,0.0
STU1456,5.26,0,3,4,72.5,3.7,1,1,58.2,71.0,1,4.9,52.1,3,4,2,1,10.68
STU1457,8.03,0,1,2,68.0,4.2,1,1,53.5,87.2,0,2.7,57.5,1,5,1,0,0.0
STU1458,7.62,0,5,1,70.1,4.1,0,1,76.6,46.6,0,3.9,28.8,3,2,0,0,0.0
STU1459,8.62,1,2,3,68.8,2.9,0,0,67.7,80.7,0,2.9,77.9,0,2,2,1,14.68
STU1460,7.94,1,0,1,48.1,5.0,1,1,69.4,87.9,0,3.1,62.8,5,1,1,1,10.97
STU1461,7.05,1,3,2,76.4,2.4,1,0,85.8,62.7,0,3.0,60.1,1,2,0,1,13.08
STU1462,5.85,0,1,0,77.5,2.5,1,1,63.7,92.0,2,4.1,60.2,3,3,0,0,0.0
STU1463,6.97,0,4,3,78.2,3.7,0,1,81.3,61.0,1,4.3,65.3,3,8,0,1,11.19
STU1464,6.26,1,4,1,82.2,5.0,1,1,90.1,75.7,0,3.9,76.8,1,4,2,1,13.31
STU1465,6.56,1,5,2,77.1,2.7,0,1,66.5,66.0,2,3.3,64.1,0,5,1,0,0.0
STU1466,7.85,0,2,1,61.8,3.3,1,0,80.8,66.0,0,3.5,40.5,1,3,1,0,0.0
STU1467,9.04,1,2,2,66.9,4.5,1,1,69.1,62.0,1,4.3,75.4,1,1,2,1,13.67
STU1468,7.63,0,3,3,69.4,3.5,1,0,83.1,79.1,0,4.3,74.0,1,2,0,1,12.72
STU1469,5.88,2,1,1,69.6,3.2,0,0,53.1,81.0,2,1.0,68.7,3,2,0,0,0.0
STU1470,7.69,2,2,2,83.0,4.0,1,0,52.3,69.2,3,3.1,84.4,2,4,0,1,13.68
STU1471,8.52,0,2,1,77.7,3.7,1,1,67.3,52.3,1,3.2,65.5,2,3,0,1,14.11
STU1472,6.53,0,0,3,99.2,4.4,1,0,61.3,75.2,3,4.0,85.0,0,6,1,0,0.0
STU1473,7.05,1,2,1,100.0,4.7,0,1,65.8,75.5,0,3.3,90.3,4,9,1,1,15.5
STU1474,7.22,0,4,3,69.2,3.8,1,1,69.4,67.2,2,4.1,75.5,1,3,0,1,12.81
STU1475,6.34,1,4,3,20.0,3.8,0,1,80.6,94.3,0,2.4,51.5,2,5,0,1,9.15
STU1476,7.91,2,0,1,86.6,3.7,1,0,67.1,49.7,0,3.6,62.6,0,4,0,0,0.0
STU1477,7.07,1,0,1,59.9,3.9,0,0,62.1,41.2,1,4.3,87.3,0,2,3,0,0.0
STU1478,7.66,2,1,1,56.0,3.5,0,1,67.8,60.5,1,2.0,38.0,3,7,1,0,0.0
STU1479,6.22,1,4,3,62.0,3.5,0,1,62.8,79.2,0,5.0,57.9,3,2,1,1,11.64
STU1480,6.72,0,1,1,61.3,4.6,0,0,60.8,56.3,0,4.5,58.8,3,5,0,0,0.0
STU1481,7.99,2,3,2,77.2,4.9,0,1,52.6,57.2,0,3.4,49.4,2,3,1,1,12.69
STU1482,6.79,1,1,3,44.6,2.1,1,1,72.8,82.4,0,2.6,80.7,5,3,0,1,11.38
STU1483,9.1,1,3,1,51.8,3.5,0,1,65.2,76.0,0,3.2,71.8,2,3,3,1,13.29
STU1484,6.76,0,2,2,73.1,2.9,1,1,83.6,74.9,0,3.5,52.2,2,6,2,1,10.96
STU1485,7.45,0,3,1,77.3,3.2,0,1,54.6,80.2,0,3.8,75.9,1,1,1,1,13.06
STU1486,8.23,3,1,0,77.6,3.9,1,1,65.5,64.5,3,4.8,62.1,0,1,1,0,0.0
STU1487,5.64,0,3,3,56.2,4.1,1,1,93.8,65.1,1,2.9,49.0,2,3,1,0,0.0
STU1488,5.26,3,1,0,53.3,3.4,0,1,60.7,80.5,0,3.9,52.2,1,1,0,0,0.0
STU1489,5.52,3,3,1,60.4,1.8,1,1,69.2,52.5,3,2.2,72.8,2,4,0,0,0.0
STU1490,8.59,2,4,3,71.6,2.6,0,0,57.4,42.1,1,3.0,81.9,1,5,1,1,15.21
STU1491,6.59,1,1,1,90.3,4.3,1,1,55.8,64.4,0,3.8,56.2,4,6,0,1,12.58
STU1492,10.0,1,4,4,37.3,1.0,1,0,90.6,82.1,0,4.1,74.8,5,5,0,1,12.49
STU1493,6.58,2,2,4,64.7,4.6,0,0,74.1,73.3,0,2.7,93.5,1,7,1,1,13.0
STU1494,7.4,0,1,1,48.0,4.0,0,1,73.6,81.1,0,3.0,42.3,4,5,3,1,10.7
STU1495,8.9,1,2,0,43.2,4.7,0,1,51.6,43.8,0,4.8,71.4,4,7,3,1,11.28
STU1496,9.41,1,1,2,82.5,3.3,0,1,76.3,74.1,0,4.5,80.0,5,2,0,1,15.35
STU1497,9.47,1,3,1,76.2,1.6,1,1,85.9,78.5,0,3.6,63.3,1,3,0,1,14.2
STU1498,8.53,1,3,0,74.7,3.9,1,1,85.8,52.4,1,1.3,87.3,3,10,1,1,15.03
STU1499,8.33,1,1,2,81.8,4.6,0,0,80.0,81.2,0,5.0,100.0,1,4,2,1,15.26
STU1500,7.85,1,2,0,60.8,4.3,0,1,58.4,68.6,1,3.4,71.2,3,6,3,1,12.87
STU1501,8.06,2,4,3,61.5,2.9,0,1,75.8,100.0,0,3.1,60.8,3,0,2,1,12.84
STU1502,6.59,0,4,0,100.0,3.6,0,1,80.0,41.7,3,2.9,82.6,3,6,1,1,14.65
STU1503,6.3,3,2,0,64.3,3.0,1,1,50.5,87.8,0,3.8,80.2,1,4,0,1,14.99
STU1504,7.2,1,5,0,79.0,2.8,0,0,58.5,64.9,2,3.8,19.7,4,2,0,0,0.0
STU1505,7.01,2,2,4,68.1,4.4,1,1,82.7,49.0,2,4.3,65.0,2,0,0,0,0.0
STU1506,6.7,1,2,2,40.3,2.4,0,1,82.5,63.1,1,2.5,57.9,1,2,1,0,0.0
STU1507,7.97,2,4,3,37.3,2.7,0,0,53.4,73.6,1,3.1,72.1,2,7,0,0,0.0
STU1508,8.25,0,2,1,59.3,2.5,1,1,81.5,83.5,0,5.0,61.5,4,4,2,1,11.86
STU1509,7.3,2,2,1,83.8,2.2,1,1,73.1,92.4,3,3.6,63.5,5,7,2,1,14.18
STU1510,8.83,0,2,1,79.8,3.6,1,0,81.4,88.5,0,3.2,49.5,3,3,0,1,12.12
STU1511,5.94,2,4,1,81.7,4.5,1,1,64.4,57.5,0,2.5,78.2,0,7,3,1,14.42
STU1512,6.99,3,4,2,53.2,3.3,1,1,79.7,84.7,0,3.9,94.8,0,3,1,1,14.42
STU1513,6.41,0,2,2,92.2,2.1,0,1,82.1,75.1,0,4.4,49.7,0,2,3,0,0.0
STU1514,5.15,0,2,1,53.5,4.3,1,0,67.8,61.5,1,4.2,39.9,0,2,3,0,0.0
STU1515,7.11,2,2,4,71.2,5.0,1,0,72.2,67.2,2,3.2,65.4,2,10,0,1,13.74
STU1516,7.07,0,2,0,67.8,2.9,0,0,64.2,60.8,0,3.7,64.5,1,3,0,0,0.0
STU1517,8.86,2,1,4,65.4,3.1,1,1,91.8,70.5,3,5.0,86.1,0,2,0,1,14.87
STU1518,7.89,0,3,0,88.1,4.0,0,1,70.6,60.5,0,4.4,42.9,4,0,2,1,12.67
STU1519,6.07,0,2,1,57.4,5.0,0,1,60.9,56.6,0,2.7,55.3,3,2,1,1,9.09
STU1520,9.24,3,2,1,47.8,3.0,1,1,63.4,76.2,0,1.0,26.3,3,6,3,1,13.07
STU1521,8.54,1,1,1,68.3,2.3,1,0,73.5,78.2,1,3.7,89.7,2,4,0,1,14.52
STU1522,7.84,2,1,2,62.0,4.1,1,1,81.0,67.6,0,4.2,69.5,2,4,1,1,11.79
STU1523,6.95,1,4,1,100.0,4.2,0,1,56.0,87.8,0,2.4,56.7,1,7,3,1,12.42
STU1524,6.14,1,2,1,78.1,3.5,1,1,94.2,66.6,0,3.4,41.2,2,4,1,1,13.2
STU1525,6.79,1,1,2,61.9,3.0,1,1,75.7,66.1,0,3.1,42.9,3,6,0,1,11.19
STU1526,8.4,1,2,2,52.2,4.4,0,1,77.6,78.6,1,3.5,72.5,2,3,1,0,0.0
STU1527,9.27,1,2,3,39.8,4.0,1,1,70.8,68.3,0,2.9,45.1,4,9,0,1,12.91
STU1528,8.9,1,0,1,52.6,2.8,1,1,72.2,71.1,0,4.6,66.9,4,1,0,1,13.27
STU1529,6.66,1,2,2,69.7,3.5,1,1,70.2,40.0,0,3.5,100.0,2,5,0,1,14.1
STU1530,5.97,0,2,2,89.4,2.3,0,1,84.2,70.2,0,2.6,58.7,1,4,0,0,0.0
STU1531,7.35,2,2,1,84.8,4.1,0,1,71.9,46.2,0,4.3,47.7,5,2,2,1,13.05
STU1532,5.25,0,2,1,71.4,3.3,1,1,81.2,54.1,0,2.2,71.9,3,3,0,0,0.0
STU1533,7.56,1,2,1,63.2,3.1,1,0,66.8,52.6,1,4.6,42.9,3,3,2,0,0.0
STU1534,7.04,0,5,0,72.0,3.5,1,0,74.3,56.4,0,4.3,96.0,3,1,0,1,12.55
STU1535,6.69,1,2,1,60.2,3.5,0,1,62.4,62.9,0,4.7,90.3,0,4,0,0,0.0
STU1536,5.45,2,1,0,93.8,4.3,1,0,86.6,63.7,0,3.2,62.0,0,10,0,0,0.0
STU1537,7.76,0,1,2,65.2,4.0,1,0,62.0,78.6,0,2.9,48.8,1,4,0,0,0.0
STU1538,6.61,0,2,2,66.7,3.4,0,1,68.1,72.9,0,3.5,57.3,0,4,0,0,0.0
STU1539,5.91,0,3,4,34.8,4.2,1,0,68.2,45.3,0,3.3,59.7,2,0,1,0,0.0
STU1540,4.04,1,1,2,65.1,3.9,1,1,67.8,71.1,0,2.8,71.9,1,1,3,0,0.0
STU1541,7.17,2,3,0,80.5,3.1,0,1,80.7,74.1,1,2.9,83.7,4,4,0,1,13.27
STU1542,9.15,0,0,3,52.0,3.4,0,1,68.2,65.7,0,3.1,46.3,2,9,0,1,11.38
STU1543,9.03,2,2,3,56.7,3.4,1,0,88.7,69.2,1,2.3,83.2,2,6,0,1,14.15
STU1544,6.7,1,3,1,79.9,4.0,1,0,62.2,72.5,0,4.0,76.1,0,3,2,1,12.98
STU1545,6.54,1,2,2,45.9,3.2,1,1,74.0,79.9,0,3.4,55.9,2,4,1,0,0.0
STU1546,7.72,3,2,4,83.9,3.1,0,1,62.7,49.5,1,3.1,45.4,0,4,2,1,14.72
STU1547,6.1,1,1,2,60.0,5.0,0,1,77.1,66.8,0,2.3,67.1,3,4,0,1,12.15
STU1548,7.53,1,3,4,62.2,4.3,1,0,71.8,89.6,0,2.3,45.9,4,4,0,1,11.2
STU1549,8.04,0,0,0,51.1,2.8,1,1,70.1,88.4,1,5.0,83.4,2,5,0,0,0.0
STU1550,8.55,0,4,0,73.7,4.0,0,0,86.3,81.1,2,2.8,44.8,0,0,2,0,0.0
STU1551,7.09,0,1,1,100.0,3.6,1,1,64.1,77.0,3,4.0,74.9,3,8,0,1,13.63
STU1552,6.98,0,4,2,79.7,3.9,0,1,79.0,91.5,1,3.6,63.5,1,1,1,1,12.6
STU1553,6.23,1,2,3,55.0,3.6,0,1,62.8,94.9,2,1.0,54.9,1,3,1,0,0.0
STU1554,6.29,1,3,4,85.0,4.6,0,1,73.4,68.3,0,5.0,63.1,2,7,1,1,12.32
STU1555,6.95,1,2,1,63.2,3.8,0,1,57.7,57.4,0,4.0,84.4,5,3,0,1,13.94
STU1556,7.6,0,4,0,88.6,3.4,1,1,64.0,66.5,0,2.7,43.5,1,1,1,0,0.0
STU1557,8.2,0,1,3,80.1,4.4,1,1,71.0,100.0,0,3.4,57.6,4,2,0,1,12.8
STU1558,6.32,1,1,2,23.9,3.7,1,1,93.8,49.6,0,2.3,51.5,0,4,3,0,0.0
STU1559,8.84,3,2,0,52.9,3.6,1,1,73.2,63.9,1,5.0,64.3,0,1,0,1,15.89
STU1560,6.9,0,0,1,82.2,3.8,1,1,91.9,51.6,0,2.5,52.7,3,3,0,0,0.0
STU1561,7.18,2,1,2,70.3,3.4,1,1,74.6,71.6,1,2.9,33.2,1,3,0,0,0.0
STU1562,6.38,1,4,3,52.6,3.5,1,1,67.4,54.4,0,2.7,46.0,1,5,2,1,10.29
STU1563,4.53,1,5,1,58.5,3.0,1,1,90.5,68.6,0,3.5,94.5,0,1,0,1,12.02
STU1564,8.17,1,2,1,39.4,2.8,1,0,77.2,44.6,0,4.7,69.4,1,4,1,0,0.0
STU1565,8.01,0,4,4,66.7,2.6,1,1,64.3,78.0,0,5.0,68.8,1,3,0,1,12.9
STU1566,6.89,0,2,2,100.0,2.2,0,0,77.6,85.9,0,3.0,59.9,3,4,0,0,0.0
STU1567,7.27,1,1,1,80.1,2.7,1,1,68.5,65.0,1,3.8,64.1,3,2,1,0,0.0
STU1568,7.77,1,3,1,100.0,3.3,1,1,48.1,68.2,0,3.5,57.3,5,4,0,1,13.1
STU1569,5.48,3,3,2,81.2,3.6,1,1,83.2,67.9,0,2.5,74.5,3,4,1,1,13.29
STU1570,6.62,1,5,1,83.4,3.3,0,1,85.1,72.4,1,5.0,66.8,3,1,2,1,13.93
STU1571,8.07,0,1,0,97.6,1.4,1,1,94.1,69.5,0,4.7,43.9,3,6,2,1,13.79
STU1572,5.82,2,3,2,73.7,4.9,1,0,77.1,80.0,0,3.6,69.6,4,6,0,1,12.29
STU1573,7.52,0,0,1,65.2,4.5,0,1,69.0,86.0,0,4.9,20.7,1,1,1,0,0.0
STU1574,5.71,1,1,2,83.5,3.9,1,1,82.0,59.4,0,4.6,72.4,1,4,3,1,12.15
STU1575,7.71,1,0,0,89.8,5.0,0,1,82.2,66.0,1,3.5,39.6,3,4,2,1,11.73
STU1576,7.16,3,5,2,60.8,2.6,0,0,91.7,81.7,2,3.7,63.3,1,0,0,0,0.0
STU1577,5.42,2,4,1,57.2,5.0,1,1,71.5,51.5,1,4.8,43.5,4,3,1,1,9.64
STU1578,8.48,1,3,0,70.1,2.6,1,1,70.0,44.4,0,2.5,65.1,2,8,3,1,13.98
STU1579,6.39,1,2,0,80.5,3.7,1,1,63.4,72.9,1,5.0,75.4,1,4,1,1,13.46
STU1580,6.31,3,2,4,80.0,2.4,1,1,78.4,76.5,0,3.2,92.1,3,7,2,1,13.55
STU1581,7.42,0,1,3,46.6,3.5,0,1,53.4,60.6,0,4.8,37.3,1,4,1,0,0.0
STU1582,8.46,0,1,1,96.7,3.8,0,1,81.3,62.5,0,3.4,82.6,5,0,0,1,14.53
STU1583,6.08,0,2,3,58.4,3.4,0,1,79.1,60.1,1,3.7,67.4,5,1,0,0,0.0
STU1584,7.27,0,3,2,64.0,4.1,0,1,79.0,58.7,1,3.4,56.9,3,5,0,0,0.0
STU1585,7.67,1,2,4,54.5,3.6,1,1,73.7,79.0,1,2.9,78.7,0,4,0,1,13.12
STU1586,7.96,1,0,1,100.0,3.0,1,0,90.4,54.7,1,3.1,60.8,1,1,2,1,13.05
STU1587,7.39,1,0,2,71.6,3.0,0,1,82.5,66.5,0,4.7,77.9,2,4,1,1,13.76
STU1588,6.8,0,1,0,55.2,4.2,0,0,64.7,58.2,0,1.2,47.1,4,5,2,0,0.0
STU1589,6.29,2,2,1,81.0,2.9,1,0,64.9,51.1,1,2.2,53.6,1,5,1,0,0.0
STU1590,7.29,1,4,4,79.5,4.3,0,0,61.4,81.3,1,2.7,82.0,0,2,0,0,0.0
STU1591,6.02,1,3,2,65.2,4.6,1,0,78.6,63.2,1,2.4,91.7,0,2,0,0,0.0
STU1592,4.0,1,4,1,80.6,2.0,1,1,60.0,72.4,0,4.8,64.4,2,8,3,1,11.94
STU1593,7.68,1,2,0,55.6,4.5,0,1,85.0,50.4,1,4.6,14.8,4,6,1,1,11.93
STU1594,8.19,0,2,2,60.6,5.0,0,0,87.9,60.4,0,4.0,61.4,0,3,1,0,0.0
STU1595,4.6,0,1,2,37.8,3.7,1,1,61.5,79.8,1,2.8,65.6,1,6,3,0,0.0
STU1596,6.09,2,4,1,48.1,4.0,0,1,69.8,100.0,0,4.7,60.8,3,2,0,0,0.0
STU1597,7.88,3,3,4,95.1,4.4,0,1,72.2,44.3,3,1.9,71.1,4,2,2,1,14.68
STU1598,9.46,1,1,0,92.6,3.3,0,1,82.6,67.4,0,5.0,56.4,4,2,2,1,16.67
STU1599,7.22,0,2,1,69.0,3.7,1,1,91.3,75.4,1,2.7,80.1,3,1,0,0,0.0
STU1600,6.4,1,2,4,92.9,2.3,1,0,51.8,62.0,0,3.2,44.0,0,6,0,0,0.0
STU1601,7.0,2,3,1,65.6,3.6,0,0,68.2,81.0,0,3.0,87.3,2,4,3,1,12.85
STU1602,8.71,2,4,1,64.3,3.9,1,0,68.8,58.7,0,2.4,92.9,5,2,1,1,15.86
STU1603,6.49,0,2,2,68.8,4.0,1,1,55.2,72.0,1,5.0,48.6,5,6,0,1,12.71
STU1604,6.32,0,2,3,66.1,4.5,1,1,66.2,63.2,0,4.1,48.6,3,5,1,1,11.2
STU1605,6.67,2,0,0,64.8,2.8,0,0,77.1,85.9,0,4.6,72.4,3,1,1,1,13.0
STU1606,6.15,1,0,4,85.2,3.0,1,0,68.7,61.2,3,2.2,43.6,5,4,2,0,0.0
STU1607,7.33,0,1,3,70.3,5.0,1,0,53.5,65.4,1,3.6,56.1,2,5,3,1,11.03
STU1608,8.99,0,0,0,78.7,3.4,0,1,100.0,82.3,0,3.9,84.8,0,5,3,1,14.32
STU1609,7.56,1,3,2,83.5,3.7,0,1,75.2,56.6,0,3.7,78.3,3,5,3,1,14.89
STU1610,6.92,2,3,1,73.8,3.4,0,1,73.3,70.9,0,2.3,100.0,5,2,0,1,13.67
STU1611,6.88,3,1,1,53.4,2.8,0,0,58.8,46.3,2,4.4,68.1,3,3,2,0,0.0
STU1612,5.48,1,4,3,47.7,5.0,0,1,75.1,55.9,1,3.5,54.0,4,6,0,1,9.83
STU1613,8.17,1,1,4,70.2,3.0,1,0,70.0,75.0,2,2.5,65.9,2,6,0,0,0.0
STU1614,7.11,0,2,0,65.4,2.5,1,1,49.3,57.1,0,1.6,62.3,0,2,2,0,0.0
STU1615,7.0,1,1,1,69.3,3.1,0,0,59.2,62.9,1,4.0,62.5,1,0,1,0,0.0
STU1616,10.0,1,2,1,67.8,1.7,1,1,81.5,76.4,0,5.0,64.6,5,6,3,1,12.51
STU1617,7.53,1,1,1,100.0,2.9,1,1,95.3,62.5,0,2.4,48.2,2,3,0,0,0.0
STU1618,6.37,1,2,1,48.0,2.6,1,1,76.4,80.7,1,3.6,70.1,0,3,2,1,11.5
STU1619,6.73,0,2,0,38.2,4.1,1,1,85.2,72.8,0,4.5,39.6,5,3,0,0,0.0
STU1620,8.46,0,5,2,73.0,2.9,0,1,70.1,75.7,0,2.2,52.1,2,3,0,1,13.07
STU1621,7.32,1,0,1,62.4,4.3,1,0,71.0,86.1,2,2.9,62.9,4,3,1,0,0.0
STU1622,5.62,0,1,0,72.7,4.8,1,1,85.1,74.2,0,2.6,24.3,2,4,0,0,0.0
STU1623,8.21,0,0,3,76.8,4.2,1,1,92.0,90.0,0,4.3,78.8,0,1,1,1,12.59
STU1624,6.47,3,3,3,87.3,3.3,1,1,87.6,81.8,1,4.7,28.0,3,9,3,1,13.95
STU1625,9.26,1,0,1,45.4,3.6,0,1,59.2,63.2,3,3.6,77.1,5,7,1,0,0.0
STU1626,8.39,1,4,1,59.6,2.1,0,1,71.2,86.8,1,2.6,41.7,0,7,0,0,0.0
STU1627,6.71,2,2,2,74.4,3.4,1,1,75.3,73.4,0,3.0,57.7,4,6,0,1,12.05
STU1628,8.61,3,2,1,79.6,2.7,1,0,68.9,64.9,0,2.8,74.3,1,4,1,1,15.68
STU1629,7.27,1,2,1,100.0,4.1,1,1,76.7,73.6,0,2.5,100.0,2,2,1,1,15.92
STU1630,8.14,2,1,2,82.3,5.0,0,0,81.8,84.5,1,3.3,67.1,2,0,1,1,14.05
STU1631,7.73,1,1,0,67.1,3.9,1,1,84.0,75.9,0,3.9,29.3,4,1,0,0,0.0
STU1632,6.27,1,2,0,54.6,1.7,1,1,92.2,93.7,2,3.9,82.2,2,3,2,0,0.0
STU1633,6.49,1,2,0,59.5,3.2,1,0,68.0,84.1,0,3.4,60.8,2,4,0,0,0.0
STU1634,8.33,1,1,0,59.1,3.6,0,1,55.6,76.8,0,3.5,66.3,4,10,1,1,11.43
STU1635,6.83,1,1,0,77.8,3.6,0,1,76.3,56.7,1,3.3,75.0,0,3,1,0,0.0
STU1636,6.76,1,5,4,71.9,2.8,1,1,94.6,67.7,1,2.2,24.9,0,4,0,0,0.0
STU1637,6.15,0,0,1,48.1,3.7,1,0,66.3,70.9,1,3.6,65.1,0,4,2,0,0.0
STU1638,7.67,1,4,0,61.5,2.4,1,1,80.2,79.1,3,2.8,57.6,3,2,1,0,0.0
STU1639,9.47,0,3,1,81.2,2.6,1,1,80.3,78.3,3,2.1,87.0,2,7,1,1,15.13
STU1640,6.03,1,1,4,73.3,4.1,1,1,74.3,72.2,3,3.8,78.1,4,4,1,1,12.86
STU1641,7.23,1,1,2,76.5,2.6,0,1,72.1,71.6,2,2.8,35.7,2,2,3,0,0.0
STU1642,8.75,2,1,1,73.7,4.0,0,0,60.9,79.4,1,3.6,87.7,1,7,1,1,14.93
STU1643,7.11,2,3,3,92.4,2.3,0,1,44.6,58.8,1,4.2,73.1,4,4,0,1,14.18
STU1644,7.7,2,3,1,71.5,5.0,0,1,58.7,92.0,0,2.5,37.1,1,3,0,1,12.45
STU1645,6.03,1,3,1,62.2,2.8,1,1,67.3,43.4,0,3.5,66.0,5,4,0,1,12.03
STU1646,7.67,2,4,1,54.3,3.3,1,0,85.2,88.9,0,1.7,83.6,1,5,0,1,13.26
STU1647,6.99,1,3,1,71.7,3.8,0,1,70.8,69.4,0,4.9,43.1,1,2,3,1,11.87
STU1648,8.28,0,1,1,31.4,3.0,1,1,65.8,83.0,0,2.1,89.8,2,6,1,0,0.0
STU1649,8.51,0,1,2,65.2,3.6,1,1,61.3,74.7,0,2.9,37.8,0,8,2,0,0.0
STU1650,10.0,0,4,1,64.9,4.0,1,1,79.9,74.5,2,4.7,50.8,0,4,0,1,12.63
STU1651,7.84,1,1,2,47.5,4.4,0,1,88.3,77.2,2,3.2,48.0,2,4,1,0,0.0
STU1652,7.56,1,0,0,54.1,4.2,1,1,84.8,80.5,0,2.3,89.8,1,6,3,1,12.67
STU1653,7.41,2,3,0,80.1,3.3,0,0,79.3,65.7,0,4.1,56.2,0,3,0,1,13.83
STU1654,6.81,0,2,1,71.5,3.4,1,1,54.3,83.5,2,4.1,44.1,1,10,1,0,0.0
STU1655,7.57,0,4,4,69.5,5.0,1,1,67.8,55.9,2,2.8,73.0,2,4,3,1,12.2
STU1656,6.88,3,3,1,72.6,4.4,0,1,95.4,69.9,3,2.9,76.9,2,3,3,1,15.09
STU1657,7.39,0,0,2,69.4,2.7,1,0,85.5,80.9,3,3.0,77.0,0,4,2,0,0.0
STU1658,8.65,1,4,1,86.6,3.6,1,1,53.5,82.9,3,3.2,60.1,2,4,2,1,14.46
STU1659,6.09,1,1,0,69.9,3.2,1,0,71.3,76.0,0,1.6,69.6,3,1,1,0,0.0
STU1660,8.45,1,2,0,46.1,3.4,1,0,76.4,64.9,0,3.2,53.3,3,5,0,0,0.0
STU1661,8.65,0,2,1,92.5,2.4,0,1,62.9,81.7,1,5.0,95.1,2,4,2,1,14.29
STU1662,7.07,0,0,0,73.6,3.1,0,1,44.3,61.3,0,2.5,85.6,0,5,3,0,0.0
STU1663,4.87,0,2,0,59.2,5.0,1,0,73.2,92.8,2,2.8,84.5,2,2,1,0,0.0
STU1664,6.53,1,1,3,49.2,4.0,0,1,62.5,68.9,0,2.3,79.3,4,4,0,1,12.94
STU1665,8.63,1,2,0,73.9,1.3,1,1,62.6,50.0,1,4.0,74.4,2,5,1,1,13.14
STU1666,7.17,0,2,2,66.2,4.6,0,1,67.7,54.5,0,4.5,42.6,1,9,1,1,9.54
STU1667,6.1,1,3,1,91.6,4.5,0,0,70.4,70.6,0,4.5,76.4,0,6,0,0,0.0
STU1668,6.64,2,4,2,62.8,3.2,1,1,71.9,71.8,0,2.2,67.1,5,6,2,1,12.13
STU1669,8.12,0,1,2,55.4,4.1,0,1,61.4,95.6,3,3.9,87.7,3,2,1,0,0.0
STU1670,7.8,1,2,1,81.4,2.7,1,0,69.4,56.5,0,4.8,79.5,1,6,1,1,14.45
STU1671,6.94,1,2,1,81.9,3.1,1,1,50.9,70.5,3,3.9,74.9,1,2,0,0,0.0
STU1672,6.8,0,1,2,70.5,4.8,1,1,75.7,56.2,2,3.9,34.7,4,2,0,0,0.0
STU1673,6.77,1,3,3,78.1,3.3,1,0,40.0,63.6,1,3.0,63.4,1,1,1,0,0.0
STU1674,6.19,1,3,0,67.4,1.8,0,1,68.5,91.9,1,3.6,55.0,2,6,1,0,0.0
STU1675,8.98,2,1,0,71.5,3.4,1,1,83.0,55.2,1,4.6,69.5,3,1,0,1,13.2
STU1676,6.85,2,2,3,85.5,3.4,1,1,59.3,77.6,0,3.7,57.5,2,1,0,1,14.19
STU1677,8.54,1,1,1,77.4,4.6,1,1,80.6,75.1,0,2.2,60.0,0,2,0,1,12.89
STU1678,8.87,2,3,2,65.5,3.5,1,1,85.9,69.7,2,3.0,73.3,1,4,1,0,0.0
STU1679,8.3,1,1,1,88.3,3.1,1,1,40.0,76.8,1,4.5,57.2,4,6,3,1,12.72
STU1680,6.73,1,5,0,32.5,4.4,1,1,70.2,54.9,0,3.7,67.2,2,3,2,1,10.53
STU1681,7.64,1,3,2,98.8,3.6,1,1,40.0,91.5,1,3.5,37.7,4,4,2,1,12.89
STU1682,7.17,0,2,2,42.4,2.8,0,0,70.6,95.0,0,2.9,50.0,2,2,1,0,0.0
STU1683,6.21,2,2,1,58.6,4.5,0,0,71.9,70.6,0,4.5,76.8,5,2,1,1,11.53
STU1684,7.56,1,4,1,67.4,3.7,1,1,42.2,100.0,0,5.0,42.9,4,1,0,1,12.27
STU1685,5.9,1,2,3,65.8,3.5,0,0,95.1,64.8,0,4.6,87.4,2,3,2,1,11.65
STU1686,8.51,3,1,2,83.1,3.7,0,1,75.4,75.2,0,4.8,82.5,1,4,1,1,14.92
STU1687,6.69,0,2,0,52.1,2.5,0,1,61.8,88.6,0,3.1,60.2,3,2,2,0,0.0
STU1688,7.42,1,4,2,71.9,3.0,1,1,89.6,64.0,0,2.9,100.0,3,6,1,1,15.38
STU1689,7.51,0,3,2,59.3,3.5,0,1,50.5,52.0,0,3.3,87.4,2,9,0,1,13.25
STU1690,6.92,2,3,3,72.4,3.3,1,1,57.2,49.0,0,3.4,47.9,4,1,0,1,12.09
STU1691,7.85,2,4,2,67.0,4.6,0,0,44.4,96.8,0,4.8,78.4,1,0,2,1,13.02
STU1692,6.68,1,4,0,69.4,3.7,1,1,93.6,63.1,0,4.5,66.2,1,5,0,1,12.28
STU1693,8.16,1,4,2,59.8,4.3,1,1,76.0,67.6,0,3.9,51.0,3,2,0,1,12.3
STU1694,5.72,1,0,2,60.3,3.5,1,1,79.9,55.5,0,2.0,45.7,1,3,3,0,0.0
STU1695,7.34,2,2,0,72.3,4.5,0,0,75.6,82.3,0,1.8,82.9,2,3,1,1,11.74
STU1696,9.33,1,3,1,82.2,3.9,1,0,78.9,59.8,2,3.6,54.2,5,7,0,1,13.59
STU1697,6.1,1,3,1,59.0,3.5,1,1,72.9,63.6,0,4.2,63.2,3,4,0,1,10.17
STU1698,6.45,3,3,2,55.0,3.5,1,1,75.3,73.9,0,3.3,48.4,5,0,0,1,12.16
STU1699,7.77,0,1,1,77.2,2.6,1,1,73.3,56.2,0,5.0,51.5,3,0,1,0,0.0
STU1700,7.4,0,3,2,67.5,4.0,1,1,64.7,67.7,0,2.4,62.7,3,2,2,0,0.0
STU1701,7.59,1,3,4,80.5,3.5,1,0,71.4,88.2,1,2.3,72.0,2,3,0,1,13.01
STU1702,7.74,3,0,3,54.4,3.0,1,1,75.3,75.6,0,2.8,18.4,0,3,2,0,0.0
STU1703,7.9,1,2,4,41.3,4.5,1,1,73.3,71.7,0,2.7,65.3,2,6,0,1,12.47
STU1704,8.42,0,1,4,60.0,2.4,1,0,54.3,72.8,0,3.9,51.6,1,3,0,0,0.0
STU1705,7.65,1,2,0,56.5,3.1,1,1,55.9,64.9,0,3.0,90.2,5,3,3,1,14.89
STU1706,6.93,1,0,2,66.8,4.4,1,1,85.0,95.9,0,1.9,100.0,1,3,0,1,12.37
STU1707,7.94,0,2,1,58.4,3.8,0,1,68.3,59.4,1,4.2,58.5,1,0,2,0,0.0
STU1708,9.29,1,2,3,79.1,3.5,1,1,79.0,72.7,0,1.7,34.0,3,8,2,1,13.17
STU1709,7.05,3,3,1,63.7,3.7,1,0,58.9,71.5,0,2.4,67.1,2,1,0,1,12.07
STU1710,6.13,1,3,4,70.3,3.7,1,1,54.3,83.1,1,1.9,61.3,0,2,1,0,0.0
STU1711,8.42,1,4,2,70.4,2.1,0,1,61.9,84.3,1,3.6,100.0,0,1,1,1,14.51
STU1712,7.07,1,1,3,70.9,3.2,1,1,69.3,69.6,1,3.6,95.0,4,3,3,1,12.8
STU1713,4.81,0,1,0,67.6,5.0,1,1,64.0,73.8,0,5.0,80.6,2,7,1,1,11.37
STU1714,8.13,2,4,0,75.7,2.9,0,1,87.5,74.3,0,4.3,54.4,0,1,1,1,13.65
STU1715,6.61,1,1,3,56.1,3.2,1,1,74.2,40.5,0,4.8,77.2,2,3,0,1,11.78
STU1716,7.1,1,5,0,89.0,3.0,0,1,94.2,49.3,1,3.7,69.8,1,0,1,1,12.45
STU1717,7.57,1,4,3,64.5,3.4,1,1,76.9,62.1,0,2.5,69.3,1,5,0,1,11.55
STU1718,7.41,1,2,0,48.3,3.0,1,1,43.0,62.7,0,3.5,37.0,5,4,0,0,0.0
STU1719,7.98,1,5,2,70.8,3.9,0,0,84.7,54.4,1,4.0,84.1,2,4,3,1,12.56
STU1720,6.72,0,0,1,55.2,3.7,0,0,53.9,79.7,1,4.1,66.9,0,3,0,0,0.0
STU1721,7.76,2,2,2,78.0,4.2,1,1,74.8,70.0,0,3.0,63.2,5,7,0,1,13.0
STU1722,6.91,3,3,2,100.0,2.6,0,0,62.7,67.2,2,3.9,54.2,3,3,1,1,14.9
STU1723,8.01,1,2,1,56.2,3.2,1,0,97.7,53.7,2,2.5,50.7,1,4,2,0,0.0
STU1724,7.88,3,4,0,73.0,3.3,1,1,89.3,69.4,0,2.4,70.7,2,4,0,1,14.8
STU1725,6.17,0,0,0,41.7,3.9,1,0,63.1,40.0,2,2.3,33.5,4,4,0,0,0.0
STU1726,8.39,1,2,2,74.8,2.8,0,0,70.5,67.9,0,3.4,79.2,2,2,0,0,0.0
STU1727,6.61,1,2,2,54.7,4.3,1,1,74.9,70.8,1,2.3,46.0,2,3,0,0,0.0
STU1728,8.09,1,3,2,58.6,4.6,1,1,82.4,73.1,2,3.0,27.9,2,1,1,0,0.0
STU1729,7.6,1,1,2,51.5,2.6,0,1,72.3,49.7,0,4.3,97.8,2,3,1,1,13.21
STU1730,9.22,1,2,1,79.0,3.1,0,1,59.7,72.9,0,2.4,49.6,3,4,1,1,12.62
STU1731,6.95,0,4,1,83.1,3.0,0,1,63.4,56.5,2,2.9,52.0,2,1,1,0,0.0
STU1732,6.82,1,1,0,68.4,5.0,1,1,71.9,59.4,0,3.5,85.4,0,4,2,1,12.7
STU1733,7.18,0,4,1,55.0,3.1,0,1,86.8,79.3,0,3.6,98.4,4,6,1,1,10.69
STU1734,6.87,2,2,4,91.8,5.0,0,1,77.1,96.2,0,2.9,37.4,0,3,3,1,13.12
STU1735,8.08,0,3,3,56.7,2.4,1,1,62.7,70.7,2,4.1,47.8,2,2,1,0,0.0
STU1736,5.42,0,3,1,35.6,2.6,1,1,79.8,59.4,3,4.0,49.1,2,6,2,0,0.0
STU1737,6.04,1,1,2,74.9,2.9,1,1,67.4,72.5,0,4.5,81.8,3,4,1,1,10.75
STU1738,6.03,1,2,3,51.4,2.7,1,0,82.7,82.2,2,3.3,94.5,2,1,1,0,0.0
STU1739,8.25,2,4,1,82.8,3.3,0,1,100.0,78.1,0,2.9,45.6,3,3,2,1,12.46
STU1740,9.08,1,2,0,62.3,2.9,1,0,67.7,100.0,3,2.8,90.5,0,4,0,0,0.0
STU1741,7.09,1,5,0,77.1,2.8,0,1,81.6,60.7,0,3.7,52.2,3,4,1,1,10.97
STU1742,7.01,2,2,2,89.0,4.5,1,1,63.1,73.3,0,3.0,71.1,4,4,2,1,13.23
STU1743,7.28,1,1,4,49.9,4.6,1,1,70.7,90.1,0,2.9,42.1,4,4,2,1,12.53
STU1744,8.48,0,2,2,59.5,4.4,0,0,72.4,89.3,0,3.0,62.8,2,5,1,0,0.0
STU1745,6.18,1,5,0,66.9,4.0,1,1,69.7,44.6,0,2.8,63.0,1,3,1,1,11.2
STU1746,7.46,3,2,0,91.1,3.6,1,0,100.0,70.0,1,3.6,59.3,1,5,0,1,14.37
STU1747,8.27,1,4,3,58.1,3.1,0,1,68.3,89.3,0,2.1,71.9,1,10,3,1,12.49
STU1748,7.75,0,4,3,59.1,2.6,1,1,79.0,100.0,3,3.7,46.9,2,3,0,0,0.0
STU1749,7.41,0,2,2,75.2,3.8,1,0,48.8,79.1,1,4.0,49.1,1,5,2,1,12.52
STU1750,8.3,0,0,2,59.3,2.4,1,1,77.2,65.2,1,2.8,72.9,5,2,0,0,0.0
STU1751,4.23,1,3,0,70.3,2.6,1,0,85.7,56.9,0,5.0,89.2,4,2,0,1,11.7
STU1752,7.95,1,2,3,44.7,4.5,1,1,65.7,98.8,2,3.4,64.6,0,7,0,0,0.0
STU1753,6.48,0,3,3,100.0,5.0,0,0,41.9,79.5,1,1.9,74.1,2,0,1,0,0.0
STU1754,5.19,3,2,1,47.8,3.9,0,0,71.5,59.0,2,3.1,78.6,3,2,0,0,0.0
STU1755,7.76,2,2,2,63.2,4.5,1,0,72.2,67.4,3,3.5,79.9,1,3,0,0,0.0
STU1756,8.71,1,3,1,67.5,3.3,0,0,80.7,74.0,0,3.8,47.8,2,3,0,1,13.42
STU1757,7.05,2,2,0,96.7,2.3,1,1,96.1,77.1,0,3.2,51.0,2,4,0,1,14.25
STU1758,8.25,0,2,1,48.1,4.1,0,1,67.4,58.3,2,2.4,52.6,1,2,0,0,0.0
STU1759,8.97,1,2,0,97.8,4.0,0,1,61.7,62.0,2,2.4,99.7,3,1,0,1,15.58
STU1760,8.65,1,2,1,79.4,3.6,0,0,58.0,48.5,0,2.8,74.1,5,3,2,1,13.49
STU1761,9.0,2,2,1,74.3,3.3,1,1,74.4,83.5,0,2.9,73.3,2,4,1,1,15.21
STU1762,8.02,2,4,2,53.2,4.4,1,1,77.8,65.6,1,2.3,71.6,2,4,1,1,12.71
STU1763,7.28,0,2,1,76.6,2.6,0,1,65.5,76.1,0,2.7,41.2,1,4,3,0,0.0
STU1764,5.44,3,2,1,57.1,2.8,1,1,81.3,88.5,0,4.0,99.9,4,4,1,1,13.22
STU1765,6.93,0,3,0,87.0,2.6,0,1,77.6,72.9,0,5.0,73.6,4,2,3,1,13.79
STU1766,6.27,2,1,2,53.4,3.6,1,0,72.5,68.5,0,4.1,78.0,1,5,0,0,0.0
STU1767,9.59,3,1,1,66.3,2.5,0,1,61.2,72.5,0,4.6,33.2,4,1,1,1,13.91
STU1768,7.01,0,4,1,59.7,2.9,1,1,66.2,70.8,3,4.3,79.0,1,2,0,0,0.0
STU1769,7.34,2,3,3,53.2,2.9,1,1,42.8,86.2,2,4.2,58.6,0,5,1,0,0.0
STU1770,7.81,0,2,2,79.1,3.3,1,0,74.8,74.0,3,3.1,41.2,3,2,1,0,0.0
STU1771,7.25,1,3,3,76.0,2.2,0,0,72.3,62.9,2,3.5,47.8,2,3,0,0,0.0
STU1772,9.06,1,0,1,86.1,3.6,1,1,74.3,83.6,0,3.0,42.2,2,3,2,1,13.38
STU1773,6.52,1,3,0,41.3,4.6,1,0,78.1,86.0,2,3.2,41.9,3,4,1,0,0.0
STU1774,7.41,3,2,2,84.0,3.6,1,0,76.6,52.6,3,3.5,66.1,0,3,0,0,0.0
STU1775,6.38,1,2,1,100.0,4.9,0,1,70.7,89.9,3,4.1,58.0,1,10,1,1,12.13
STU1776,5.75,1,2,1,61.2,4.7,0,1,72.6,74.7,1,3.8,71.0,2,3,2,1,11.65
STU1777,6.53,2,0,0,96.4,4.2,1,1,55.1,73.7,0,3.2,95.2,1,4,0,1,14.06
STU1778,7.16,3,1,3,64.1,3.6,0,0,65.0,83.1,0,3.5,62.7,0,6,0,0,0.0
STU1779,6.73,0,5,0,47.4,3.5,0,1,72.6,62.6,0,3.8,24.6,0,4,2,0,0.0
STU1780,6.44,3,2,4,63.4,4.2,0,0,63.2,82.4,3,4.0,60.6,4,4,3,1,12.55
STU1781,5.65,0,2,3,83.7,3.1,1,1,82.3,65.1,0,2.0,86.5,4,4,0,1,12.66
STU1782,7.11,2,0,1,55.4,1.8,0,1,64.1,50.8,2,2.4,63.5,1,3,3,0,0.0
STU1783,5.54,0,0,2,59.0,3.9,1,1,74.6,57.0,0,4.5,92.5,1,5,0,0,0.0
STU1784,8.04,0,3,2,76.9,2.5,1,1,73.4,77.4,1,3.3,73.2,3,1,3,1,12.52
STU1785,7.29,1,2,3,68.0,2.6,0,1,81.0,57.7,0,3.0,31.9,5,6,1,1,10.05
STU1786,5.6,1,2,1,76.8,3.5,1,0,82.8,90.9,0,3.1,67.0,1,4,2,1,13.45
STU1787,6.86,1,1,3,71.6,3.4,0,0,80.3,85.5,0,3.1,70.3,4,6,2,1,13.07
STU1788,6.37,0,3,1,75.2,2.2,1,0,46.7,87.3,1,3.9,84.4,2,0,0,0,0.0
STU1789,7.55,1,1,4,61.5,3.6,1,0,86.3,71.6,0,2.3,97.8,5,6,0,1,14.42
STU1790,8.67,3,1,1,71.5,4.4,1,1,90.3,73.4,1,3.4,81.3,0,1,1,1,15.2
STU1791,5.14,1,2,1,54.1,2.5,0,0,66.2,54.5,0,3.6,72.9,5,5,0,0,0.0
STU1792,7.33,0,1,3,87.3,4.6,1,1,74.8,82.9,2,3.8,77.2,2,3,1,1,13.07
STU1793,7.02,1,1,3,58.5,2.1,1,1,61.3,74.9,0,3.6,62.0,5,4,3,1,11.37
STU1794,7.94,0,3,2,84.9,5.0,1,1,48.6,77.4,1,3.9,38.7,2,4,0,1,11.92
STU1795,7.43,2,3,0,64.5,3.1,1,1,63.1,91.9,0,2.9,65.7,2,2,1,1,12.0
STU1796,6.37,2,4,1,71.0,3.6,0,0,65.5,62.1,1,2.5,71.6,4,4,0,0,0.0
STU1797,6.85,1,2,4,60.6,1.8,1,1,67.7,68.4,0,5.0,43.3,3,2,1,1,12.05
STU1798,6.32,1,0,3,52.8,3.4,0,1,60.5,74.2,1,3.1,88.9,3,4,0,0,0.0
STU1799,8.38,2,1,3,41.8,3.7,0,0,63.2,57.8,3,3.2,83.1,2,5,0,0,0.0
STU1800,7.22,1,5,0,52.2,3.4,1,1,71.9,67.6,0,4.0,40.3,3,1,2,1,10.31
STU1801,9.29,2,2,1,63.1,3.0,1,1,62.8,76.4,0,4.9,89.6,5,4,2,1,14.46
STU1802,7.13,1,3,2,71.2,2.6,1,1,78.5,65.8,1,2.9,59.5,0,4,2,1,11.06
STU1803,6.42,2,0,3,83.2,4.5,0,1,80.2,87.0,1,2.5,51.0,2,2,2,1,12.81
STU1804,5.53,1,2,0,61.3,3.5,0,1,100.0,50.4,0,2.2,84.4,4,8,1,1,12.56
STU1805,5.22,1,0,3,54.8,4.9,1,1,85.5,84.6,0,4.9,64.1,3,4,2,1,12.64
STU1806,5.46,3,2,2,46.4,3.0,1,0,74.9,78.6,0,2.4,99.2,4,2,0,1,11.73
STU1807,7.49,1,4,0,75.2,3.1,0,1,64.6,62.6,0,3.4,49.6,4,1,0,1,13.21
STU1808,7.76,1,5,1,88.7,4.2,1,1,75.5,58.0,0,2.5,33.8,3,4,0,1,12.15
STU1809,5.46,0,2,1,87.0,2.0,0,1,75.9,43.0,2,2.0,60.0,3,3,0,0,0.0
STU1810,8.18,1,2,2,78.6,2.4,1,1,65.8,59.7,0,3.1,79.2,5,2,0,1,13.02
STU1811,6.67,1,4,0,77.6,4.5,1,1,81.4,83.6,0,2.5,48.3,4,0,0,1,12.17
STU1812,7.36,0,3,0,93.5,2.4,1,1,55.2,69.3,2,2.7,41.1,4,4,1,0,0.0
STU1813,8.97,0,0,3,73.0,1.9,0,1,69.1,85.1,0,5.0,69.1,0,4,0,0,0.0
STU1814,8.19,1,2,0,77.7,5.0,1,1,78.7,61.9,1,3.8,38.7,1,1,2,1,12.33
STU1815,6.9,2,1,1,63.2,2.2,1,0,68.5,79.2,2,4.3,70.5,2,4,1,0,0.0
STU1816,6.22,1,2,1,47.6,3.7,1,1,69.5,60.7,0,4.2,58.9,3,8,3,1,10.25
STU1817,4.83,0,2,2,57.7,3.6,1,1,70.3,57.4,0,3.3,73.9,1,9,0,1,8.48
STU1818,6.41,1,2,3,67.9,1.0,0,1,62.0,68.6,3,3.0,40.1,0,6,1,0,0.0
STU1819,6.97,0,2,1,68.9,3.3,1,0,86.1,61.4,3,3.6,88.4,1,5,1,0,0.0
STU1820,6.11,1,1,3,96.9,3.9,0,1,59.8,49.9,0,3.6,61.7,3,2,3,1,12.26
STU1821,7.06,0,2,2,69.2,3.8,1,1,75.8,67.6,0,2.9,78.7,4,2,0,0,0.0
STU1822,7.28,0,4,0,85.7,4.3,0,1,77.0,71.4,0,3.5,82.3,4,3,0,1,14.38
STU1823,6.95,0,3,0,61.5,3.2,1,0,60.6,86.5,0,2.7,44.2,2,4,0,0,0.0
STU1824,6.48,1,2,1,63.3,4.1,0,1,72.9,82.2,0,3.2,80.9,2,6,0,1,13.41
STU1825,7.39,0,4,1,48.1,2.9,0,0,61.1,85.9,1,3.1,39.3,2,2,1,0,0.0
STU1826,7.69,1,4,2,56.9,2.2,0,1,88.7,79.4,2,2.2,40.3,2,3,2,0,0.0
STU1827,6.0,1,1,2,75.9,2.3,1,0,58.3,74.3,0,1.2,100.0,3,4,0,0,0.0
STU1828,8.75,1,0,1,68.1,2.2,1,0,64.2,54.0,2,2.5,85.0,2,3,0,0,0.0
STU1829,7.09,1,3,0,82.1,4.4,1,0,57.3,71.9,0,5.0,100.0,0,3,0,1,13.68
STU1830,7.22,2,4,1,70.7,2.1,0,0,55.7,77.8,0,3.1,58.3,2,2,0,0,0.0
STU1831,7.98,0,5,2,62.7,3.7,1,0,91.1,88.9,0,4.1,66.8,1,9,3,1,13.57
STU1832,7.46,1,4,1,100.0,3.3,1,1,78.5,78.9,0,1.4,74.5,0,3,2,1,14.71
STU1833,8.25,0,3,2,66.6,3.4,0,1,73.7,86.1,0,2.4,64.8,2,4,0,1,11.6
STU1834,7.52,0,2,0,85.4,4.7,1,1,64.1,56.6,2,2.1,51.6,1,2,0,0,0.0
STU1835,6.53,1,0,2,62.0,3.1,1,1,82.9,65.8,0,3.2,48.9,2,4,3,0,0.0
STU1836,7.6,1,1,3,78.6,4.1,0,1,62.1,75.6,1,5.0,68.8,1,2,0,1,12.08
STU1837,5.94,2,2,1,81.9,3.5,0,1,81.5,85.1,0,3.8,45.8,3,2,1,1,12.22
STU1838,7.32,1,3,1,71.1,3.4,1,0,61.5,68.1,0,5.0,45.3,5,2,3,1,11.14
STU1839,7.16,3,2,4,32.7,5.0,0,0,64.3,68.9,0,3.2,72.1,2,0,1,1,10.95
STU1840,6.97,0,3,1,68.3,2.2,1,1,81.1,78.9,2,4.7,63.3,3,4,0,0,0.0
STU1841,7.06,0,1,2,86.5,4.7,1,1,82.4,55.4,0,5.0,81.9,4,3,0,1,13.48
STU1842,5.13,0,2,0,75.9,4.1,1,0,79.2,90.9,1,3.3,57.4,2,6,3,0,0.0
STU1843,6.6,0,0,2,74.7,3.1,1,0,59.4,58.6,2,2.9,54.5,1,0,0,0,0.0
STU1844,7.3,1,2,0,42.2,5.0,0,0,66.6,45.1,1,2.1,72.6,1,0,0,0,0.0
STU1845,7.38,1,3,4,57.2,1.8,1,1,73.9,70.1,0,3.1,50.4,2,6,2,1,12.44
STU1846,6.07,0,3,2,74.2,3.0,0,0,61.8,92.1,1,3.5,53.2,3,1,2,0,0.0
STU1847,8.59,3,5,3,74.2,2.4,1,1,88.5,77.6,0,5.0,53.9,0,0,1,1,14.29
STU1848,6.25,2,1,2,86.2,3.9,1,1,43.2,79.8,1,2.2,61.2,4,2,0,1,13.14
STU1849,8.27,0,2,2,65.8,2.5,1,1,62.7,70.5,0,3.5,96.9,0,6,1,1,13.38
STU1850,7.67,0,2,1,74.1,3.9,1,0,65.9,68.0,0,1.7,40.2,4,5,0,0,0.0
STU1851,6.49,0,2,3,68.2,3.3,1,0,40.0,49.9,0,3.0,88.3,5,3,0,0,0.0
STU1852,9.15,0,4,4,53.2,3.1,0,1,55.2,40.6,0,3.7,78.3,5,4,2,1,13.29
STU1853,5.89,0,3,1,34.2,3.8,1,1,79.5,72.6,0,3.9,93.2,4,4,0,0,0.0
STU1854,8.21,1,4,4,74.5,3.3,0,1,72.4,87.1,2,4.0,100.0,0,7,0,1,15.55
STU1855,8.3,0,1,2,70.6,2.5,1,1,90.9,74.5,2,3.8,90.8,3,1,0,0,0.0
STU1856,6.46,1,4,2,58.7,5.0,0,1,90.5,78.1,0,4.0,81.7,1,5,1,1,12.09
STU1857,8.73,3,0,1,43.7,3.1,1,1,77.2,90.6,0,3.4,41.4,4,2,2,1,13.55
STU1858,6.92,1,4,1,77.4,1.5,0,1,75.8,74.3,0,2.4,43.6,1,3,2,1,12.23
STU1859,7.52,3,2,0,64.0,2.7,1,1,72.8,68.4,0,1.6,71.5,1,2,1,1,14.79
STU1860,7.49,0,2,1,76.4,2.4,1,0,40.1,59.4,3,2.9,34.4,4,5,1,0,0.0
STU1861,7.05,1,2,2,96.0,4.2,1,0,55.3,96.3,1,3.3,76.1,0,4,1,1,15.21
STU1862,8.09,1,4,1,35.9,3.8,0,0,73.2,76.8,0,4.6,26.6,1,4,0,0,0.0
STU1863,8.07,0,0,1,57.5,3.9,1,0,79.4,57.7,0,3.3,85.7,2,4,0,0,0.0
STU1864,5.28,0,2,4,64.9,3.2,0,1,75.5,54.8,1,3.2,59.2,3,4,1,0,0.0
STU1865,8.63,1,4,1,89.8,3.2,1,0,61.3,86.3,1,3.8,67.3,3,5,0,1,13.41
STU1866,5.37,1,2,1,43.5,3.2,0,1,83.2,56.5,0,3.1,51.5,3,2,0,0,0.0
STU1867,8.34,1,1,0,97.0,3.4,1,1,89.8,94.1,0,4.2,30.8,4,3,1,1,12.99
STU1868,8.44,1,2,0,70.0,4.3,0,0,83.3,40.0,0,5.0,87.2,0,2,1,0,0.0
STU1869,6.0,1,2,3,66.6,3.8,1,1,83.9,88.5,0,5.0,89.0,2,3,1,1,12.47
STU1870,6.75,0,4,2,65.0,4.0,1,0,65.3,76.3,0,3.5,58.7,3,5,2,0,0.0
STU1871,5.98,1,3,3,61.5,3.9,0,0,84.9,71.5,0,3.7,76.9,3,4,1,1,10.96
STU1872,6.96,0,2,0,83.7,4.3,1,1,73.7,67.7,2,4.9,58.0,2,5,3,1,12.45
STU1873,6.86,0,5,2,52.0,3.8,1,1,78.1,94.6,0,3.3,70.2,0,3,0,0,0.0
STU1874,8.06,3,2,1,73.2,3.8,0,1,76.4,79.2,2,4.0,78.7,0,4,1,1,15.7
STU1875,8.64,1,0,1,62.2,4.6,1,0,70.5,58.3,0,2.3,75.0,0,3,0,0,0.0
STU1876,8.74,2,1,0,56.6,2.9,1,1,61.7,47.7,0,3.1,89.1,1,8,0,1,14.76
STU1877,6.58,1,2,0,100.0,2.7,0,0,71.0,72.3,0,4.5,74.3,0,3,2,0,0.0
STU1878,6.97,1,1,1,74.3,2.4,1,0,83.8,70.0,0,2.7,65.5,2,4,0,1,12.14
STU1879,5.35,0,4,0,77.2,3.7,0,1,66.7,50.2,3,3.3,51.3,1,5,0,0,0.0
STU1880,6.31,0,3,4,85.1,1.8,0,0,82.7,69.3,0,1.9,56.4,3,7,1,1,12.83
STU1881,8.26,0,1,1,46.7,3.9,1,1,80.8,62.5,0,5.0,79.6,4,3,0,1,11.43
STU1882,8.98,2,2,0,94.3,3.4,1,1,68.4,70.1,3,4.6,38.0,2,3,1,1,13.98
STU1883,5.84,1,3,0,30.4,4.5,1,1,88.7,79.4,0,3.6,84.9,2,3,0,0,0.0
STU1884,6.55,1,4,2,56.5,2.9,1,0,67.7,89.4,0,3.9,59.9,5,3,0,1,11.45
STU1885,7.17,1,4,0,61.1,3.3,1,1,90.1,81.8,0,3.8,50.3,2,4,2,1,12.52
STU1886,7.51,3,2,3,76.7,4.5,1,1,77.2,60.6,0,4.7,45.2,5,7,1,1,13.43
STU1887,6.31,0,3,4,71.3,4.7,0,1,71.8,74.8,0,2.9,77.1,0,1,1,1,11.85
STU1888,7.67,0,2,1,65.5,2.9,1,0,61.3,70.8,0,4.1,64.7,4,4,1,1,12.98
STU1889,6.68,1,2,1,67.8,3.7,1,1,70.9,52.7,2,4.4,93.6,2,6,2,1,13.51
STU1890,7.18,2,1,0,53.3,3.8,0,1,69.6,75.2,2,4.6,42.3,0,1,2,0,0.0
STU1891,7.8,3,1,2,45.5,3.8,1,0,56.9,94.1,0,1.3,54.6,5,3,0,1,11.72
STU1892,7.21,0,2,1,78.9,3.3,0,0,69.4,70.4,0,2.8,63.3,5,6,0,1,11.72
STU1893,6.72,2,1,1,78.4,4.7,1,1,62.4,49.3,0,2.4,51.5,2,7,0,1,12.67
STU1894,7.08,2,0,1,91.8,1.8,1,1,79.0,70.4,0,3.5,65.1,5,4,0,1,12.88
STU1895,7.1,0,3,2,56.1,3.1,1,1,87.7,54.2,0,1.5,70.8,0,0,0,0,0.0
STU1896,6.79,1,0,1,78.4,3.9,0,0,57.3,81.2,2,1.5,73.7,3,1,0,0,0.0
STU1897,6.92,1,2,0,63.7,3.9,1,1,92.5,76.8,1,5.0,92.1,1,4,2,1,10.93
STU1898,8.96,3,2,2,85.9,4.7,0,1,70.5,67.8,0,4.0,41.5,1,1,1,1,13.43
STU1899,7.82,0,5,2,83.3,4.6,1,1,60.3,65.7,1,3.5,71.1,3,1,0,1,10.85
STU1900,6.87,2,2,3,71.2,3.2,1,0,81.1,67.2,0,3.7,53.4,2,5,1,1,12.3
STU1901,7.97,1,0,0,62.9,4.7,1,1,66.6,70.1,0,3.5,72.7,0,5,2,1,13.84
STU1902,6.83,2,2,3,82.4,2.9,1,0,71.0,60.0,0,4.3,72.8,2,6,0,1,12.07
STU1903,8.49,1,4,2,77.7,4.3,1,1,67.1,52.0,0,2.8,47.2,1,1,1,1,12.06
STU1904,7.61,1,5,0,57.7,5.0,0,1,62.2,84.8,1,3.6,48.8,3,2,0,1,11.71
STU1905,7.08,2,2,2,48.1,4.6,0,1,80.7,65.0,0,3.6,74.2,1,6,1,1,11.55
STU1906,7.69,2,2,1,63.7,3.6,1,1,68.6,72.2,0,2.4,65.4,4,5,0,1,12.27
STU1907,5.47,2,4,4,90.7,3.2,1,1,54.8,73.7,3,4.6,61.0,1,5,1,1,13.17
STU1908,5.96,0,1,0,85.2,2.1,0,0,78.6,74.2,0,3.0,76.8,2,9,1,1,11.89
STU1909,5.89,1,3,2,51.3,3.8,1,1,57.5,54.7,0,4.4,78.2,1,6,1,1,10.24
STU1910,7.36,0,2,1,50.5,2.5,1,0,58.2,48.2,0,3.5,55.5,3,4,1,0,0.0
STU1911,9.11,1,0,4,87.1,2.8,0,0,86.3,62.3,0,5.0,49.7,0,3,1,1,15.71
STU1912,9.65,1,2,1,51.0,2.4,1,1,57.6,75.1,3,2.4,42.3,2,4,0,0,0.0
STU1913,7.9,1,1,4,75.6,3.1,1,1,44.2,60.5,0,2.4,65.6,1,4,1,0,0.0
STU1914,7.75,1,3,4,58.8,3.5,0,1,79.5,65.4,3,2.5,39.4,4,3,2,0,0.0
STU1915,5.22,3,4,1,92.3,3.7,0,1,68.4,97.7,0,3.5,66.8,0,5,2,1,12.94
STU1916,6.6,0,1,3,56.4,3.0,1,1,69.4,46.0,0,4.9,86.9,4,1,3,1,12.23
STU1917,6.33,1,4,4,85.2,4.5,1,0,68.2,60.2,0,4.9,58.6,1,5,0,1,11.78
STU1918,6.52,1,0,1,70.8,3.3,1,0,74.8,94.7,1,1.2,55.3,0,0,0,0,0.0
STU1919,7.02,0,2,1,71.8,2.8,0,1,63.0,69.4,0,3.6,100.0,1,3,1,1,13.45
STU1920,6.68,0,0,2,38.4,3.7,1,0,89.7,60.8,2,1.0,92.2,0,6,0,0,0.0
STU1921,5.02,3,4,1,35.0,5.0,1,1,54.3,85.2,0,4.2,51.2,2,1,0,0,0.0
STU1922,8.02,2,3,0,64.7,3.8,1,1,77.3,70.7,0,4.5,67.5,5,4,1,1,14.41
STU1923,6.02,3,3,1,71.7,3.2,1,1,79.7,65.5,0,3.4,70.9,0,2,0,1,12.86
STU1924,7.46,3,4,1,51.1,2.1,0,1,62.9,72.5,1,3.5,68.7,2,6,0,1,12.58
STU1925,9.48,0,3,1,51.7,3.3,1,0,59.7,61.4,0,3.5,97.7,2,6,3,1,12.14
STU1926,6.19,1,5,0,76.4,3.7,0,1,84.2,56.8,0,2.7,66.6,1,7,0,1,12.33
STU1927,4.42,1,3,3,76.4,3.2,0,0,60.1,68.5,0,3.8,69.3,1,6,0,0,0.0
STU1928,6.89,1,4,2,65.9,2.0,1,1,64.7,56.9,1,3.2,77.4,4,5,0,1,12.35
STU1929,8.41,1,2,0,79.7,2.7,1,0,82.6,70.1,1,4.3,86.4,0,2,2,1,13.7
STU1930,9.35,1,1,2,50.4,4.8,1,1,72.4,74.6,1,3.3,81.9,3,3,2,1,14.58
STU1931,5.85,1,2,2,62.7,4.8,1,1,50.4,81.1,0,2.6,74.7,1,3,0,1,12.26
STU1932,7.75,1,1,4,92.7,2.7,0,1,93.0,84.7,3,1.9,36.9,2,4,0,0,0.0
STU1933,6.69,0,2,0,69.0,4.1,0,1,65.6,64.7,2,1.6,56.2,2,5,2,0,0.0
STU1934,7.08,1,2,1,69.9,2.4,0,1,67.2,76.5,0,4.6,79.7,1,2,0,0,0.0
STU1935,10.0,1,3,4,100.0,4.8,1,1,75.1,76.4,0,3.0,69.5,0,1,3,1,16.55
STU1936,5.55,1,0,4,47.0,3.7,1,1,79.5,74.3,0,3.7,79.9,0,3,1,0,0.0
STU1937,7.48,0,1,2,79.9,4.4,0,1,95.5,63.8,0,5.0,99.0,1,2,0,1,13.2
STU1938,7.71,2,2,3,93.0,2.0,1,1,52.1,56.6,2,2.9,43.8,4,4,2,1,13.26
STU1939,8.39,0,5,0,63.1,4.1,0,1,81.9,76.5,1,2.8,85.5,0,4,0,1,13.11
STU1940,7.31,1,2,2,80.9,3.5,1,1,80.9,47.8,2,3.3,59.1,3,5,0,0,0.0
STU1941,7.54,2,2,1,53.3,4.3,1,0,70.4,66.5,0,3.4,81.8,1,1,0,1,12.98
STU1942,6.77,1,3,0,57.7,4.3,0,1,81.4,40.0,0,5.0,64.3,4,8,2,1,12.43
STU1943,7.5,0,3,3,73.8,3.6,1,1,83.2,52.6,0,4.9,100.0,2,0,0,1,13.83
STU1944,6.82,1,1,0,80.0,3.0,1,1,55.4,58.6,0,4.0,67.3,1,3,0,1,12.11
STU1945,7.88,1,2,1,84.8,4.2,1,1,93.0,84.3,1,4.8,53.5,5,4,0,1,12.52
STU1946,6.79,2,1,4,91.5,3.4,1,1,53.3,78.9,0,3.2,72.6,1,0,2,1,13.55
STU1947,7.61,2,5,0,67.0,2.7,0,1,58.4,62.8,1,3.7,70.8,2,1,0,0,0.0
STU1948,7.17,1,1,4,85.9,2.7,1,1,68.9,79.5,1,3.1,85.5,2,1,0,0,0.0
STU1949,8.44,1,2,4,62.9,2.2,1,1,95.1,81.5,2,2.2,73.1,2,4,1,0,0.0
STU1950,7.14,0,0,2,81.5,3.0,0,1,68.3,67.9,0,4.5,100.0,5,6,2,1,13.52
STU1951,5.25,0,1,0,71.1,4.5,0,1,71.6,52.0,1,3.9,63.0,4,4,2,0,0.0
STU1952,8.59,1,3,1,74.7,3.7,1,1,89.2,67.3,3,3.4,63.2,4,4,0,1,15.07
STU1953,6.2,1,1,1,74.4,3.0,0,0,68.4,68.7,2,3.4,54.1,5,3,2,0,0.0
STU1954,6.48,1,0,1,43.9,4.2,1,1,57.9,54.0,1,2.0,66.5,2,0,1,0,0.0
STU1955,6.54,0,2,1,51.1,2.8,1,1,67.0,74.8,1,2.5,69.2,0,0,0,0,0.0
STU1956,8.71,0,0,4,69.5,3.6,1,1,88.4,73.6,0,3.7,70.1,3,6,2,1,13.64
STU1957,4.85,1,0,0,42.7,3.3,1,1,72.9,75.8,1,2.9,66.2,2,1,1,0,0.0
STU1958,10.0,0,4,2,80.5,4.2,0,1,95.2,73.6,1,3.2,54.0,1,10,1,1,14.51
STU1959,8.36,2,3,0,81.1,2.1,0,1,80.9,79.5,1,3.3,49.1,2,2,3,1,13.97
STU1960,7.45,0,4,2,72.9,2.7,1,1,64.3,67.7,1,2.8,58.2,5,4,1,1,11.18
STU1961,7.14,1,4,4,51.2,2.0,1,1,72.6,72.6,0,2.5,85.5,1,8,0,1,10.48
STU1962,7.51,3,3,1,88.7,3.3,1,1,61.8,64.8,0,1.9,89.4,4,3,2,1,14.78
STU1963,7.77,0,0,0,98.6,4.6,1,1,64.0,62.4,0,3.3,63.6,2,5,0,1,14.38
STU1964,7.91,1,3,2,70.2,3.0,0,1,100.0,87.4,0,4.0,48.1,0,3,1,1,12.15
STU1965,7.81,0,4,2,75.7,3.0,0,1,84.2,43.4,0,1.8,63.5,4,3,0,0,0.0
STU1966,7.3,1,3,2,71.0,4.3,1,1,82.3,81.4,0,3.4,100.0,5,2,0,1,13.87
STU1967,6.98,1,2,1,76.0,4.5,1,1,64.5,61.9,0,3.7,83.0,1,6,1,1,11.86
STU1968,7.03,1,1,1,66.2,3.4,0,0,90.8,60.2,2,2.5,74.9,1,2,1,0,0.0
STU1969,6.99,1,4,4,67.5,4.1,0,1,85.2,73.4,0,4.8,82.3,2,2,1,1,13.15
STU1970,8.45,2,3,4,81.6,2.5,0,1,94.6,50.6,0,3.0,92.7,4,10,2,1,14.49
STU1971,7.85,0,5,1,100.0,4.7,0,1,94.0,59.4,0,3.3,44.2,0,3,0,1,12.75
STU1972,4.0,0,1,3,47.0,5.0,1,0,54.3,59.0,0,3.2,57.9,1,3,1,0,0.0
STU1973,7.92,2,1,1,66.4,4.0,1,1,58.7,67.1,0,1.7,55.5,3,10,2,1,13.13
STU1974,7.41,1,1,1,50.3,1.6,1,0,60.0,59.5,0,4.4,75.6,2,3,2,0,0.0
STU1975,7.18,2,3,0,91.9,3.0,1,1,60.7,90.8,3,2.5,67.9,1,3,1,0,0.0
STU1976,6.77,1,1,1,59.2,4.1,1,1,75.9,93.4,0,3.2,78.6,4,6,0,1,11.52
STU1977,8.44,2,0,2,46.4,3.1,1,1,65.2,43.7,1,4.0,55.9,4,3,1,0,0.0
STU1978,8.24,1,5,0,77.6,4.6,0,1,96.9,77.1,2,4.8,89.7,5,2,1,1,14.26
STU1979,6.35,2,0,1,94.2,4.0,1,1,94.9,81.2,3,2.4,63.8,1,3,0,0,0.0
STU1980,7.65,3,4,3,78.0,2.9,0,0,71.9,77.1,0,3.0,77.5,4,5,1,1,14.16
STU1981,6.13,1,2,2,71.1,3.5,0,1,95.5,61.4,0,4.7,86.5,3,0,0,1,11.23
STU1982,5.68,0,4,2,74.1,2.7,0,1,89.9,66.8,0,3.8,85.1,1,3,3,1,12.28
STU1983,6.51,0,2,4,89.2,3.3,1,1,66.6,60.3,0,4.0,71.5,3,3,2,1,12.01
STU1984,8.15,0,4,0,54.9,3.0,0,1,47.9,64.5,0,2.4,79.7,0,2,0,0,0.0
STU1985,8.25,0,4,2,66.3,4.6,0,1,69.4,54.3,2,3.0,96.3,3,4,0,1,13.51
STU1986,7.76,1,0,3,61.2,5.0,1,1,64.3,68.5,0,3.2,74.2,3,2,2,1,13.61
STU1987,8.0,1,0,2,50.5,2.2,1,1,74.5,50.5,0,2.6,51.9,3,4,2,0,0.0
STU1988,7.77,1,1,1,63.1,1.8,1,1,73.1,67.4,0,1.8,75.5,1,4,3,1,13.35
STU1989,6.49,1,3,0,84.6,3.3,1,1,72.8,53.8,3,2.9,64.3,3,2,0,0,0.0
STU1990,7.68,1,4,3,76.5,2.1,0,0,78.3,72.7,1,4.7,22.7,1,2,0,0,0.0
STU1991,8.08,0,2,1,77.7,3.5,0,1,57.4,61.2,0,3.5,73.3,5,2,3,1,12.57
STU1992,8.03,0,3,3,70.2,4.2,1,1,76.9,73.8,0,4.7,67.1,3,1,0,1,11.74
STU1993,8.51,0,1,2,75.8,4.8,1,0,66.7,84.1,0,3.6,85.8,0,4,2,1,12.92
STU1994,7.98,1,4,2,56.0,3.7,1,0,74.4,90.7,1,2.7,51.5,1,4,0,0,0.0
STU1995,7.59,0,5,3,63.4,3.3,1,0,83.5,40.0,1,4.6,37.9,3,2,2,0,0.0
STU1996,8.38,0,1,2,70.9,1.7,1,1,57.3,59.2,1,3.6,68.0,2,4,0,0,0.0
STU1997,7.17,1,2,1,72.2,3.5,1,1,68.6,66.1,0,4.3,71.8,3,9,1,1,14.55
STU1998,6.23,2,0,2,72.8,3.6,0,1,70.6,76.0,1,2.4,66.7,1,1,1,0,0.0
STU1999,7.02,0,2,3,65.9,4.1,0,0,65.8,48.5,1,4.4,65.4,3,3,3,1,12.61
STU2000,6.38,1,2,1,62.3,2.9,1,1,82.8,57.2,3,4.4,45.8,1,5,0,0,0.0
